2025-04-01 13:55:58,961 - nontion_sync.tasks - INFO - Processing NotionDbConfig: Orders
2025-04-01 13:56:06,351 - httpx - INFO - HTTP Request: POST https://api.notion.com/v1/databases/13e3a17e5d7f80da9a55e1a01feda7b3/query "HTTP/1.1 200 OK"
2025-04-01 13:56:10,024 - httpx - INFO - HTTP Request: POST https://api.notion.com/v1/databases/13e3a17e5d7f80da9a55e1a01feda7b3/query "HTTP/1.1 200 OK"
2025-04-01 13:56:21,043 - httpx - INFO - HTTP Request: POST https://api.notion.com/v1/databases/13e3a17e5d7f80da9a55e1a01feda7b3/query "HTTP/1.1 200 OK"
2025-04-01 13:56:21,189 - notion_sync - INFO - 📊 Fetched 271 records from Notion.
2025-04-01 13:56:21,195 - notion_sync - ERROR - Attempt 1 failed. Retrying in 5 seconds...
2025-04-01 13:56:31,563 - httpx - INFO - HTTP Request: POST https://api.notion.com/v1/databases/13e3a17e5d7f80da9a55e1a01feda7b3/query "HTTP/1.1 200 OK"
2025-04-01 13:56:34,461 - httpx - INFO - HTTP Request: POST https://api.notion.com/v1/databases/13e3a17e5d7f80da9a55e1a01feda7b3/query "HTTP/1.1 200 OK"
2025-04-01 13:56:46,317 - httpx - INFO - HTTP Request: POST https://api.notion.com/v1/databases/13e3a17e5d7f80da9a55e1a01feda7b3/query "HTTP/1.1 200 OK"
2025-04-01 13:56:46,699 - notion_sync - INFO - 📊 Fetched 271 records from Notion.
2025-04-01 13:56:46,710 - notion_sync - ERROR - Attempt 2 failed. Retrying in 10 seconds...
2025-04-01 13:56:59,232 - httpx - INFO - HTTP Request: POST https://api.notion.com/v1/databases/13e3a17e5d7f80da9a55e1a01feda7b3/query "HTTP/1.1 200 OK"
2025-04-01 13:57:07,131 - httpx - INFO - HTTP Request: POST https://api.notion.com/v1/databases/13e3a17e5d7f80da9a55e1a01feda7b3/query "HTTP/1.1 200 OK"
2025-04-01 13:57:09,294 - httpx - INFO - HTTP Request: POST https://api.notion.com/v1/databases/13e3a17e5d7f80da9a55e1a01feda7b3/query "HTTP/1.1 200 OK"
2025-04-01 13:57:09,433 - notion_sync - INFO - 📊 Fetched 271 records from Notion.
2025-04-01 13:57:09,439 - notion_sync - ERROR - Attempt 3 failed. Retrying in 20 seconds...
2025-04-01 13:57:29,440 - notion_sync - INFO - Sync completed. 0/271 records synced.
2025-04-01 13:57:29,447 - nontion_sync.tasks - INFO - ✅ Sync result for 13e3a17e5d7f80da9a55e1a01feda7b3: Sync completed. 0/271 records synced.
2025-04-01 14:04:22,423 - nontion_sync.tasks - INFO - Processing NotionDbConfig: Orders
2025-04-01 14:04:25,553 - httpx - INFO - HTTP Request: POST https://api.notion.com/v1/databases/13e3a17e5d7f80da9a55e1a01feda7b3/query "HTTP/1.1 200 OK"
2025-04-01 14:04:27,965 - httpx - INFO - HTTP Request: POST https://api.notion.com/v1/databases/13e3a17e5d7f80da9a55e1a01feda7b3/query "HTTP/1.1 200 OK"
2025-04-01 14:04:32,382 - httpx - INFO - HTTP Request: POST https://api.notion.com/v1/databases/13e3a17e5d7f80da9a55e1a01feda7b3/query "HTTP/1.1 200 OK"
2025-04-01 14:04:32,406 - notion_sync - INFO - 📊 Fetched 271 records from Notion.
2025-04-01 14:04:32,411 - notion_sync - WARNING - ❌ Failed to sync record: 1c73a17e-5d7f-801d-b2c2-d589149b1a5b
2025-04-01 14:04:32,411 - notion_sync - WARNING - list index out of range
2025-04-01 14:04:32,423 - notion_sync - INFO - ✅ Updated record: 1c73a17e-5d7f-8028-a1d7-c86ca57ec5fb
2025-04-01 14:04:32,428 - notion_sync - INFO - ✅ Updated record: 1c73a17e-5d7f-80a4-94d1-fb8ba9a1e51b
2025-04-01 14:04:32,430 - notion_sync - INFO - ✅ Updated record: 1c73a17e-5d7f-8010-a7a8-f0adb2245203
2025-04-01 14:04:32,433 - notion_sync - INFO - ✅ Updated record: 1c73a17e-5d7f-8040-a423-de1057f8a407
2025-04-01 14:04:32,435 - notion_sync - INFO - ✅ Updated record: 1c73a17e-5d7f-8093-894c-d03f36fca7bd
2025-04-01 14:04:32,438 - notion_sync - INFO - ✅ Updated record: 1c73a17e-5d7f-806d-ac7f-e38a0d8c5450
2025-04-01 14:04:32,440 - notion_sync - INFO - ✅ Updated record: 1c53a17e-5d7f-806b-9a6c-d52fba73327b
2025-04-01 14:04:32,442 - notion_sync - INFO - ✅ Updated record: 1c53a17e-5d7f-8015-912b-e1c6af4288bb
2025-04-01 14:04:32,445 - notion_sync - INFO - ✅ Updated record: 1c53a17e-5d7f-8050-8538-dda5756f484c
2025-04-01 14:04:32,447 - notion_sync - INFO - ✅ Updated record: 1c53a17e-5d7f-805c-b4e7-d2ba3ff97364
2025-04-01 14:04:32,450 - notion_sync - INFO - ✅ Updated record: 1c53a17e-5d7f-80eb-a401-ef43b9391bca
2025-04-01 14:04:32,451 - notion_sync - INFO - ✅ Updated record: 1c53a17e-5d7f-8029-9368-f10a67c2bbe2
2025-04-01 14:04:32,453 - notion_sync - INFO - ✅ Updated record: 1c43a17e-5d7f-802d-81ab-f30e125e540f
2025-04-01 14:04:32,455 - notion_sync - INFO - ✅ Updated record: 1c43a17e-5d7f-807a-b479-cd85b920cd8c
2025-04-01 14:04:32,458 - notion_sync - INFO - ✅ Updated record: 1c43a17e-5d7f-8016-8091-d25edde515e8
2025-04-01 14:04:32,460 - notion_sync - INFO - ✅ Updated record: 1c43a17e-5d7f-8049-a8a2-d619b8cff0dd
2025-04-01 14:04:32,463 - notion_sync - INFO - ✅ Updated record: 1c43a17e-5d7f-803d-bcb6-cd616f6404f4
2025-04-01 14:04:32,465 - notion_sync - INFO - ✅ Updated record: 1c43a17e-5d7f-80c0-b46d-ec5a36e9a94a
2025-04-01 14:04:32,468 - notion_sync - INFO - ✅ Updated record: 1c33a17e-5d7f-804b-bb17-e1348dace48c
2025-04-01 14:04:32,470 - notion_sync - INFO - ✅ Updated record: 1c33a17e-5d7f-8066-9c3e-ee2742e7d933
2025-04-01 14:04:32,473 - notion_sync - INFO - ✅ Updated record: 1c33a17e-5d7f-8050-95d8-ffbb5352141b
2025-04-01 14:04:32,475 - notion_sync - INFO - ✅ Updated record: 1c33a17e-5d7f-801a-b649-cbbfac327ef6
2025-04-01 14:04:32,477 - notion_sync - INFO - ✅ Updated record: 1c33a17e-5d7f-80a3-972d-e84d88a9608d
2025-04-01 14:04:32,480 - notion_sync - INFO - ✅ Updated record: 1c13a17e-5d7f-8027-8134-d2ad99daa093
2025-04-01 14:04:32,482 - notion_sync - INFO - ✅ Updated record: 1bc3a17e-5d7f-80c0-9623-c3fa2278c060
2025-04-01 14:04:32,484 - notion_sync - INFO - ✅ Updated record: 1bc3a17e-5d7f-80f2-91f0-ce03b030bbd6
2025-04-01 14:04:32,486 - notion_sync - INFO - ✅ Updated record: 1bc3a17e-5d7f-80da-8249-f940cd9a2834
2025-04-01 14:04:32,488 - notion_sync - INFO - ✅ Updated record: 1bc3a17e-5d7f-805a-8ea0-c903f17c646d
2025-04-01 14:04:32,490 - notion_sync - INFO - ✅ Updated record: 1bb3a17e-5d7f-8074-999d-e3a3e586ef58
2025-04-01 14:04:32,492 - notion_sync - INFO - ✅ Updated record: 1ba3a17e-5d7f-80ea-a492-eb62d693f692
2025-04-01 14:04:32,494 - notion_sync - INFO - ✅ Updated record: 1ba3a17e-5d7f-807c-b906-c5d1883f4048
2025-04-01 14:04:32,495 - notion_sync - INFO - ✅ Updated record: 1b93a17e-5d7f-8075-8d43-ddf68970ea9c
2025-04-01 14:04:32,497 - notion_sync - INFO - ✅ Updated record: 1b63a17e-5d7f-8066-a03b-eeb65ac73042
2025-04-01 14:04:32,499 - notion_sync - INFO - ✅ Updated record: 1b63a17e-5d7f-80f2-b7e4-ddd6e635f878
2025-04-01 14:04:32,500 - notion_sync - INFO - ✅ Updated record: 1b63a17e-5d7f-8017-acc6-e74a68e90a06
2025-04-01 14:04:32,502 - notion_sync - INFO - ✅ Updated record: 1b63a17e-5d7f-80fc-8479-e9f2a322f238
2025-04-01 14:04:32,503 - notion_sync - INFO - ✅ Updated record: 1b63a17e-5d7f-8027-a7cd-dc3403f9c6d4
2025-04-01 14:04:32,505 - notion_sync - INFO - ✅ Updated record: 1b63a17e-5d7f-8071-9f36-c0f4484b8a25
2025-04-01 14:04:32,507 - notion_sync - INFO - ✅ Updated record: 1b63a17e-5d7f-8049-954c-e72203e5cce6
2025-04-01 14:04:32,508 - notion_sync - INFO - ✅ Updated record: 1b63a17e-5d7f-8019-8139-cede031adf5a
2025-04-01 14:04:32,510 - notion_sync - INFO - ✅ Updated record: 1b63a17e-5d7f-80ef-9f1f-f09f46290c69
2025-04-01 14:04:32,512 - notion_sync - INFO - ✅ Updated record: 1b63a17e-5d7f-80ad-aefa-ce9cdff2faf5
2025-04-01 14:04:32,513 - notion_sync - INFO - ✅ Updated record: 1b63a17e-5d7f-80ee-b394-fb33d4ed0b94
2025-04-01 14:04:32,515 - notion_sync - INFO - ✅ Updated record: 1b63a17e-5d7f-80b2-9bbd-c2ad614a592a
2025-04-01 14:04:32,517 - notion_sync - INFO - ✅ Updated record: 1b63a17e-5d7f-8049-b92e-fed713eb9a7b
2025-04-01 14:04:32,518 - notion_sync - INFO - ✅ Updated record: 1b63a17e-5d7f-80bb-b421-d44abcf72331
2025-04-01 14:04:32,520 - notion_sync - INFO - ✅ Updated record: 1b63a17e-5d7f-80f2-b76a-f5dc95bdd526
2025-04-01 14:04:32,521 - notion_sync - INFO - ✅ Updated record: 1b63a17e-5d7f-8006-99db-cd12c8dbcebb
2025-04-01 14:04:32,523 - notion_sync - INFO - ✅ Updated record: 1b63a17e-5d7f-8059-8ee5-e1bb73166965
2025-04-01 14:04:32,525 - notion_sync - INFO - ✅ Updated record: 1b63a17e-5d7f-8041-95dd-eb21967c96cf
2025-04-01 14:04:32,526 - notion_sync - INFO - ✅ Updated record: 1b63a17e-5d7f-809a-b6e6-e95d1d0d6add
2025-04-01 14:04:32,528 - notion_sync - INFO - ✅ Updated record: 1b63a17e-5d7f-803e-8423-c97b96385575
2025-04-01 14:04:32,530 - notion_sync - INFO - ✅ Updated record: 1b63a17e-5d7f-80d9-b340-cc4d58b607f3
2025-04-01 14:04:32,531 - notion_sync - INFO - ✅ Updated record: 1b63a17e-5d7f-8052-bb5a-d79705b99b06
2025-04-01 14:04:32,533 - notion_sync - INFO - ✅ Updated record: 1b63a17e-5d7f-809a-86f0-c62944ac1511
2025-04-01 14:04:32,534 - notion_sync - INFO - ✅ Updated record: 1b63a17e-5d7f-80e5-8a5a-e8f80dac60b0
2025-04-01 14:04:32,536 - notion_sync - INFO - ✅ Updated record: 1b63a17e-5d7f-80ac-9d2d-fbf55140f32b
2025-04-01 14:04:32,538 - notion_sync - INFO - ✅ Updated record: 1b63a17e-5d7f-80ac-815b-f7823214a981
2025-04-01 14:04:32,540 - notion_sync - INFO - ✅ Updated record: 1b63a17e-5d7f-807c-b321-f2fb51a873a7
2025-04-01 14:04:32,542 - notion_sync - INFO - ✅ Updated record: 1b63a17e-5d7f-80b9-b5fe-f80cce946211
2025-04-01 14:04:32,544 - notion_sync - INFO - ✅ Updated record: 1b63a17e-5d7f-8064-b3c7-f5fd338a10b4
2025-04-01 14:04:32,545 - notion_sync - INFO - ✅ Updated record: 1b63a17e-5d7f-80ce-b28a-ea7d7d6fae34
2025-04-01 14:04:32,547 - notion_sync - INFO - ✅ Updated record: 1b63a17e-5d7f-804e-a1b0-d8ff466ac033
2025-04-01 14:04:32,549 - notion_sync - INFO - ✅ Updated record: 1b63a17e-5d7f-8011-94f4-de5f4ad957a6
2025-04-01 14:04:32,550 - notion_sync - INFO - ✅ Updated record: 1b63a17e-5d7f-8002-928a-d17cf7aa797e
2025-04-01 14:04:32,552 - notion_sync - INFO - ✅ Updated record: 1b63a17e-5d7f-8048-bca4-e16308967e87
2025-04-01 14:04:32,554 - notion_sync - INFO - ✅ Updated record: 1b63a17e-5d7f-809a-be83-eaa31978b53c
2025-04-01 14:04:32,556 - notion_sync - INFO - ✅ Updated record: 1b63a17e-5d7f-80a3-9cf5-e2c86ab2c1dc
2025-04-01 14:04:32,557 - notion_sync - INFO - ✅ Updated record: 1b63a17e-5d7f-808c-bf6c-e557429cd3fa
2025-04-01 14:04:32,559 - notion_sync - INFO - ✅ Updated record: 1b63a17e-5d7f-8013-a391-cf309de2acbf
2025-04-01 14:04:32,561 - notion_sync - INFO - ✅ Updated record: 1b63a17e-5d7f-8099-84dc-ff7ed07ab86a
2025-04-01 14:04:32,563 - notion_sync - INFO - ✅ Updated record: 1b63a17e-5d7f-80d2-a70a-f02c0f898130
2025-04-01 14:04:32,564 - notion_sync - INFO - ✅ Updated record: 1b53a17e-5d7f-80d3-9a22-ce21ea9991ac
2025-04-01 14:04:32,566 - notion_sync - INFO - ✅ Updated record: 1b43a17e-5d7f-802e-8d97-d7e48eff6920
2025-04-01 14:04:32,568 - notion_sync - INFO - ✅ Updated record: 1b43a17e-5d7f-80b8-bcf6-d75d63226283
2025-04-01 14:04:32,570 - notion_sync - INFO - ✅ Updated record: 1b43a17e-5d7f-8027-b589-e0feb1868630
2025-04-01 14:04:32,571 - notion_sync - INFO - ✅ Updated record: 1b43a17e-5d7f-8067-b512-d636eef5afbc
2025-04-01 14:04:32,573 - notion_sync - INFO - ✅ Updated record: 1b43a17e-5d7f-8000-997d-ff573d3fc084
2025-04-01 14:04:32,574 - notion_sync - INFO - ✅ Updated record: 1b43a17e-5d7f-807a-b58b-f02a73676898
2025-04-01 14:04:32,576 - notion_sync - INFO - ✅ Updated record: 1b43a17e-5d7f-8050-96db-f13b4a08d9ba
2025-04-01 14:04:32,578 - notion_sync - INFO - ✅ Updated record: 1b43a17e-5d7f-8092-bc8f-fc7cc417b65f
2025-04-01 14:04:32,579 - notion_sync - INFO - ✅ Updated record: 1b43a17e-5d7f-8062-98b5-e5b149d427dd
2025-04-01 14:04:32,581 - notion_sync - INFO - ✅ Updated record: 1b43a17e-5d7f-80ac-b1ce-ffa842491cdd
2025-04-01 14:04:32,583 - notion_sync - INFO - ✅ Updated record: 1b43a17e-5d7f-804c-9120-ca920375c32a
2025-04-01 14:04:32,585 - notion_sync - INFO - ✅ Updated record: 1b43a17e-5d7f-800d-bc17-f2d0608aaca2
2025-04-01 14:04:32,586 - notion_sync - INFO - ✅ Updated record: 1b43a17e-5d7f-80b3-8831-fdbe0345e3dd
2025-04-01 14:04:32,588 - notion_sync - INFO - ✅ Updated record: 1b43a17e-5d7f-80c3-80bf-f28237a56a19
2025-04-01 14:04:32,590 - notion_sync - INFO - ✅ Updated record: 1b43a17e-5d7f-8023-aab5-d8b284de438c
2025-04-01 14:04:32,592 - notion_sync - INFO - ✅ Updated record: 1b43a17e-5d7f-80f1-9660-df816a2f0497
2025-04-01 14:04:32,594 - notion_sync - INFO - ✅ Updated record: 1b43a17e-5d7f-80b5-b8be-d7cb059d0693
2025-04-01 14:04:32,596 - notion_sync - INFO - ✅ Updated record: 1b33a17e-5d7f-8034-9b8c-e452b8ef3ff8
2025-04-01 14:04:32,598 - notion_sync - INFO - ✅ Updated record: 1b33a17e-5d7f-8013-a39d-fb9661ddd6c1
2025-04-01 14:04:32,600 - notion_sync - INFO - ✅ Updated record: 1b33a17e-5d7f-80d1-af63-cbd124db871e
2025-04-01 14:04:32,601 - notion_sync - INFO - ✅ Updated record: 1af3a17e-5d7f-80af-b8e1-d87b8bba6211
2025-04-01 14:04:32,603 - notion_sync - INFO - ✅ Updated record: 1ae3a17e-5d7f-80b6-b6d2-eced4f4304e7
2025-04-01 14:04:32,605 - notion_sync - INFO - ✅ Updated record: 1ac3a17e-5d7f-80e6-8d49-d924e9cdc271
2025-04-01 14:04:32,607 - notion_sync - INFO - ✅ Updated record: 1ac3a17e-5d7f-80b9-ac96-cedaed4fdc51
2025-04-01 14:04:32,609 - notion_sync - INFO - ✅ Updated record: 1ac3a17e-5d7f-80a0-a166-e7be626d5304
2025-04-01 14:04:32,611 - notion_sync - INFO - ✅ Updated record: 1ac3a17e-5d7f-80cc-82cb-e614f79c35f9
2025-04-01 14:04:32,612 - notion_sync - INFO - ✅ Updated record: 1ac3a17e-5d7f-80da-9492-f5e155a1f1a8
2025-04-01 14:04:32,614 - notion_sync - INFO - ✅ Updated record: 1ab3a17e-5d7f-8047-afb8-d78a01192770
2025-04-01 14:04:32,616 - notion_sync - INFO - ✅ Updated record: 1ab3a17e-5d7f-803b-8219-e3ea012b71d7
2025-04-01 14:04:32,618 - notion_sync - INFO - ✅ Updated record: 1aa3a17e-5d7f-8066-a7c1-de84a825eb4f
2025-04-01 14:04:32,620 - notion_sync - INFO - ✅ Updated record: 1a83a17e-5d7f-8020-9f52-e70e38c309f0
2025-04-01 14:04:32,622 - notion_sync - INFO - ✅ Updated record: 1a63a17e-5d7f-8061-b106-c5adc9700d53
2025-04-01 14:04:32,623 - notion_sync - INFO - ✅ Updated record: 1a53a17e-5d7f-8073-8a29-fcd26026ee90
2025-04-01 14:04:32,625 - notion_sync - INFO - ✅ Updated record: 1a43a17e-5d7f-8088-ab45-c32cc951d7e9
2025-04-01 14:04:32,627 - notion_sync - INFO - ✅ Updated record: 1a43a17e-5d7f-8032-8611-c64a62253e6f
2025-04-01 14:04:32,629 - notion_sync - INFO - ✅ Updated record: 1a43a17e-5d7f-80bd-8bd8-e4c23cc5e48d
2025-04-01 14:04:32,630 - notion_sync - INFO - ✅ Updated record: 1a43a17e-5d7f-80ea-8733-d4bfc66036ab
2025-04-01 14:04:32,633 - notion_sync - INFO - ✅ Updated record: 1a13a17e-5d7f-80e5-aaac-c374c57612ff
2025-04-01 14:04:32,634 - notion_sync - INFO - ✅ Updated record: 1a13a17e-5d7f-80c8-805e-c14481b15bc3
2025-04-01 14:04:32,636 - notion_sync - INFO - ✅ Updated record: 1a13a17e-5d7f-800e-a53c-d746e978dd55
2025-04-01 14:04:32,638 - notion_sync - INFO - ✅ Updated record: 1a03a17e-5d7f-80ca-a7ce-fa8698fd1371
2025-04-01 14:04:32,640 - notion_sync - INFO - ✅ Updated record: 19f3a17e-5d7f-8007-a9b4-dbabfbd7441e
2025-04-01 14:04:32,642 - notion_sync - INFO - ✅ Updated record: 19e3a17e-5d7f-808b-baaa-f670d5f36344
2025-04-01 14:04:32,644 - notion_sync - INFO - ✅ Updated record: 19e3a17e-5d7f-8067-897d-c4dc63d21c43
2025-04-01 14:04:32,645 - notion_sync - INFO - ✅ Updated record: 19e3a17e-5d7f-8058-a629-d9c711cdacd2
2025-04-01 14:04:32,647 - notion_sync - INFO - ✅ Updated record: 19d3a17e-5d7f-8016-a6e3-ea9bc7434880
2025-04-01 14:04:32,649 - notion_sync - INFO - ✅ Updated record: 1993a17e-5d7f-8012-8e16-e817fa7a7dd1
2025-04-01 14:04:32,651 - notion_sync - INFO - ✅ Updated record: 1983a17e-5d7f-803e-9f68-c1dc8502a98b
2025-04-01 14:04:32,653 - notion_sync - INFO - ✅ Updated record: 1983a17e-5d7f-8095-ad40-ff852e0d3309
2025-04-01 14:04:32,655 - notion_sync - INFO - ✅ Updated record: 1983a17e-5d7f-80bb-a336-de8fdc85f9b8
2025-04-01 14:04:32,657 - notion_sync - INFO - ✅ Updated record: 1983a17e-5d7f-8058-ac3e-e269888fb6f3
2025-04-01 14:04:32,659 - notion_sync - INFO - ✅ Updated record: 1983a17e-5d7f-801a-a4e5-f26aa69a34ac
2025-04-01 14:04:32,661 - notion_sync - INFO - ✅ Updated record: 1983a17e-5d7f-8012-81f6-c1fbe4474007
2025-04-01 14:04:32,663 - notion_sync - INFO - ✅ Updated record: 1983a17e-5d7f-80c6-a0e4-e2d0070dd4ad
2025-04-01 14:04:32,665 - notion_sync - INFO - ✅ Updated record: 1983a17e-5d7f-80ea-a90b-c47991b77ac7
2025-04-01 14:04:32,667 - notion_sync - INFO - ✅ Updated record: 1983a17e-5d7f-80bb-b4d8-f1b2e4fa2a92
2025-04-01 14:04:32,669 - notion_sync - INFO - ✅ Updated record: 1983a17e-5d7f-80e6-adf1-cb0fb484d9cf
2025-04-01 14:04:32,671 - notion_sync - INFO - ✅ Updated record: 1983a17e-5d7f-8050-a578-e774ed89ec8c
2025-04-01 14:04:32,673 - notion_sync - INFO - ✅ Updated record: 1983a17e-5d7f-803d-a6ea-decab8891a2a
2025-04-01 14:04:32,675 - notion_sync - INFO - ✅ Updated record: 1983a17e-5d7f-8043-8561-f7c9a74c7b4c
2025-04-01 14:04:32,677 - notion_sync - INFO - ✅ Updated record: 1983a17e-5d7f-80bd-a263-c8a6aea681d6
2025-04-01 14:04:32,679 - notion_sync - INFO - ✅ Updated record: 1983a17e-5d7f-80b1-93ca-eae073725c19
2025-04-01 14:04:32,681 - notion_sync - INFO - ✅ Updated record: 1983a17e-5d7f-8063-b88c-f110c860b502
2025-04-01 14:04:32,683 - notion_sync - INFO - ✅ Updated record: 1983a17e-5d7f-8088-8648-ea3eb51a17a4
2025-04-01 14:04:32,685 - notion_sync - INFO - ✅ Updated record: 1983a17e-5d7f-8069-93ff-c4557cb3d89c
2025-04-01 14:04:32,687 - notion_sync - INFO - ✅ Updated record: 1983a17e-5d7f-8008-862d-fcb3b7f93a52
2025-04-01 14:04:32,689 - notion_sync - INFO - ✅ Updated record: 1983a17e-5d7f-808e-a0ec-d9375e17e9c1
2025-04-01 14:04:32,691 - notion_sync - INFO - ✅ Updated record: 1983a17e-5d7f-80f7-b372-ee970f8c8930
2025-04-01 14:04:32,692 - notion_sync - INFO - ✅ Updated record: 1983a17e-5d7f-8098-b27a-d80c68ca43e3
2025-04-01 14:04:32,695 - notion_sync - INFO - ✅ Updated record: 1983a17e-5d7f-808e-96a7-cfafeb0459cf
2025-04-01 14:04:32,696 - notion_sync - INFO - ✅ Updated record: 1983a17e-5d7f-8094-9b17-ee0a1853d576
2025-04-01 14:04:32,698 - notion_sync - INFO - ✅ Updated record: 1983a17e-5d7f-80c2-a419-e98ed1dd53a1
2025-04-01 14:04:32,700 - notion_sync - INFO - ✅ Updated record: 1983a17e-5d7f-800a-858e-f03de7b8a350
2025-04-01 14:04:32,702 - notion_sync - INFO - ✅ Updated record: 1983a17e-5d7f-8038-a4dc-ee1248ee090b
2025-04-01 14:04:32,703 - notion_sync - INFO - ✅ Updated record: 1983a17e-5d7f-80a8-a8db-d45ed3c79633
2025-04-01 14:04:32,705 - notion_sync - INFO - ✅ Updated record: 1983a17e-5d7f-8091-a81b-fc545af1991d
2025-04-01 14:04:32,707 - notion_sync - INFO - ✅ Updated record: 1983a17e-5d7f-80b4-851a-cfd1ece9cf54
2025-04-01 14:04:32,708 - notion_sync - INFO - ✅ Updated record: 1983a17e-5d7f-804c-9ab7-d3be1f71c39d
2025-04-01 14:04:32,710 - notion_sync - INFO - ✅ Updated record: 1983a17e-5d7f-8058-b538-d3ac09e07559
2025-04-01 14:04:32,712 - notion_sync - INFO - ✅ Updated record: 1983a17e-5d7f-806d-84ae-de81281b6779
2025-04-01 14:04:32,714 - notion_sync - INFO - ✅ Updated record: 1973a17e-5d7f-802f-99d4-d1fe9fddd989
2025-04-01 14:04:32,715 - notion_sync - INFO - ✅ Updated record: 1973a17e-5d7f-8054-b9a0-f8bad9f6df0a
2025-04-01 14:04:32,717 - notion_sync - INFO - ✅ Updated record: 1973a17e-5d7f-8018-a162-ca32639e5727
2025-04-01 14:04:32,719 - notion_sync - INFO - ✅ Updated record: 1973a17e-5d7f-80f5-8c45-e0afff814348
2025-04-01 14:04:32,720 - notion_sync - INFO - ✅ Updated record: 1973a17e-5d7f-80d1-a6f3-f1664a9757bd
2025-04-01 14:04:32,722 - notion_sync - INFO - ✅ Updated record: 1973a17e-5d7f-80c2-b5a0-d774c894f38e
2025-04-01 14:04:32,723 - notion_sync - INFO - ✅ Updated record: 1973a17e-5d7f-8021-8309-f234fe68ff2f
2025-04-01 14:04:32,725 - notion_sync - INFO - ✅ Updated record: 1973a17e-5d7f-80e6-9975-c298370ea6d7
2025-04-01 14:04:32,727 - notion_sync - INFO - ✅ Updated record: 1973a17e-5d7f-80bf-b203-d6a31cee7ce6
2025-04-01 14:04:32,729 - notion_sync - INFO - ✅ Updated record: 1973a17e-5d7f-801e-b787-cbffad2b9743
2025-04-01 14:04:32,730 - notion_sync - INFO - ✅ Updated record: 1973a17e-5d7f-8044-9fa1-cec2b7d249fd
2025-04-01 14:04:32,732 - notion_sync - INFO - ✅ Updated record: 1973a17e-5d7f-800a-b5e1-d2b967bbff55
2025-04-01 14:04:32,733 - notion_sync - INFO - ✅ Updated record: 1973a17e-5d7f-8068-a314-d9fa1ed39907
2025-04-01 14:04:32,735 - notion_sync - INFO - ✅ Updated record: 1973a17e-5d7f-80a1-a829-eba44d3b90d8
2025-04-01 14:04:32,736 - notion_sync - INFO - ✅ Updated record: 1963a17e-5d7f-8053-82d0-e2b181312493
2025-04-01 14:04:32,738 - notion_sync - INFO - ✅ Updated record: 1963a17e-5d7f-80d1-993d-e8894534fec6
2025-04-01 14:04:32,740 - notion_sync - INFO - ✅ Updated record: 1943a17e-5d7f-804a-9546-dd82ee1bf728
2025-04-01 14:04:32,741 - notion_sync - INFO - ✅ Updated record: d44443c0-37a0-477a-b5ec-da72c073dd6e
2025-04-01 14:04:32,743 - notion_sync - INFO - ✅ Updated record: 1923a17e-5d7f-80c8-b48d-f04d74f6733b
2025-04-01 14:04:32,745 - notion_sync - INFO - ✅ Updated record: b5cb80bc-ecb9-4494-b022-8b48d9f2cd7e
2025-04-01 14:04:32,746 - notion_sync - INFO - ✅ Updated record: 1923a17e-5d7f-8051-bf0e-f46cf8d8cf00
2025-04-01 14:04:32,748 - notion_sync - INFO - ✅ Updated record: 1903a17e-5d7f-8054-927c-da808bb43252
2025-04-01 14:04:32,749 - notion_sync - INFO - ✅ Updated record: 1903a17e-5d7f-808b-ba30-e3fea2199371
2025-04-01 14:04:32,751 - notion_sync - INFO - ✅ Updated record: 1903a17e-5d7f-8022-a227-d0dc4b11f1f1
2025-04-01 14:04:32,753 - notion_sync - INFO - ✅ Updated record: 1903a17e-5d7f-808c-8331-d7e881d97c57
2025-04-01 14:04:32,754 - notion_sync - INFO - ✅ Updated record: 1903a17e-5d7f-80ac-8b4f-d12236a8ebab
2025-04-01 14:04:32,756 - notion_sync - INFO - ✅ Updated record: 1903a17e-5d7f-80fe-8101-c8ef6f1217a5
2025-04-01 14:04:32,758 - notion_sync - INFO - ✅ Updated record: 1903a17e-5d7f-8004-b0dd-d94fdc32eeba
2025-04-01 14:04:32,759 - notion_sync - INFO - ✅ Updated record: 1903a17e-5d7f-80ac-9faa-e0949069e14e
2025-04-01 14:04:32,761 - notion_sync - INFO - ✅ Updated record: 1903a17e-5d7f-8059-9c69-e9c8ef2548ff
2025-04-01 14:04:32,763 - notion_sync - INFO - ✅ Updated record: 1903a17e-5d7f-80d9-af14-ea1307434e5e
2025-04-01 14:04:32,765 - notion_sync - INFO - ✅ Updated record: 1903a17e-5d7f-80ee-bf56-c1416f528edd
2025-04-01 14:04:32,766 - notion_sync - INFO - ✅ Updated record: 1903a17e-5d7f-805e-b86e-f5c9db24afa9
2025-04-01 14:04:32,768 - notion_sync - INFO - ✅ Updated record: 1903a17e-5d7f-8066-8283-d061d4b57690
2025-04-01 14:04:32,770 - notion_sync - INFO - ✅ Updated record: 1903a17e-5d7f-8006-bc4e-f2a371b37b31
2025-04-01 14:04:32,771 - notion_sync - INFO - ✅ Updated record: 1903a17e-5d7f-8000-8584-eb5868fff93f
2025-04-01 14:04:32,773 - notion_sync - INFO - ✅ Updated record: 1903a17e-5d7f-8085-af0c-d239fd5725a8
2025-04-01 14:04:32,775 - notion_sync - INFO - ✅ Updated record: 1903a17e-5d7f-8053-8fad-ed86d5c795f6
2025-04-01 14:04:32,776 - notion_sync - INFO - ✅ Updated record: 1903a17e-5d7f-804e-9c6f-f7af4c43f2d9
2025-04-01 14:04:32,778 - notion_sync - INFO - ✅ Updated record: 1903a17e-5d7f-80e5-9029-eebd8a9b0aac
2025-04-01 14:04:32,780 - notion_sync - INFO - ✅ Updated record: 1903a17e-5d7f-8017-b38a-ff2b3238acf1
2025-04-01 14:04:32,781 - notion_sync - INFO - ✅ Updated record: 1903a17e-5d7f-80c9-b42c-d59fcfefa02b
2025-04-01 14:04:32,783 - notion_sync - INFO - ✅ Updated record: 1903a17e-5d7f-8025-a23a-ca8b4add650e
2025-04-01 14:04:32,784 - notion_sync - INFO - ✅ Updated record: 1903a17e-5d7f-80a0-8e2d-c13d6771da26
2025-04-01 14:04:32,786 - notion_sync - INFO - ✅ Updated record: 1903a17e-5d7f-81fe-9328-e2baa136ebf6
2025-04-01 14:04:32,788 - notion_sync - INFO - ✅ Updated record: 1903a17e-5d7f-81f9-9fcf-c3b76ee9d4b6
2025-04-01 14:04:32,791 - notion_sync - INFO - ✅ Updated record: 1903a17e-5d7f-81d0-a495-db5aa728313d
2025-04-01 14:04:32,792 - notion_sync - INFO - ✅ Updated record: 1903a17e-5d7f-812a-96a4-da155531ef7e
2025-04-01 14:04:32,794 - notion_sync - INFO - ✅ Updated record: 1903a17e-5d7f-81a9-86e5-e46cc2cff610
2025-04-01 14:04:32,796 - notion_sync - INFO - ✅ Updated record: 1903a17e-5d7f-81f8-ac3f-c71b911c95ec
2025-04-01 14:04:32,797 - notion_sync - INFO - ✅ Updated record: 1903a17e-5d7f-81a3-8fdb-d31942636693
2025-04-01 14:04:32,799 - notion_sync - INFO - ✅ Updated record: 1903a17e-5d7f-81ec-a337-fa525304c7c8
2025-04-01 14:04:32,800 - notion_sync - INFO - ✅ Updated record: 1903a17e-5d7f-819f-8642-eec2ca332cd9
2025-04-01 14:04:32,802 - notion_sync - INFO - ✅ Updated record: 1903a17e-5d7f-8120-a6ed-fa603db5b0bb
2025-04-01 14:04:32,804 - notion_sync - INFO - ✅ Updated record: 1903a17e-5d7f-812e-978a-ce370e855346
2025-04-01 14:04:32,806 - notion_sync - INFO - ✅ Updated record: 1903a17e-5d7f-8168-8cca-e1c5d83699c8
2025-04-01 14:04:32,808 - notion_sync - INFO - ✅ Updated record: 1903a17e-5d7f-81e4-8409-ff5d5303c565
2025-04-01 14:04:32,809 - notion_sync - INFO - ✅ Updated record: 1903a17e-5d7f-81f9-923e-f3ac1e2e53f3
2025-04-01 14:04:32,811 - notion_sync - INFO - ✅ Updated record: 1903a17e-5d7f-8195-a1eb-f76020f679ad
2025-04-01 14:04:32,813 - notion_sync - INFO - ✅ Updated record: 1903a17e-5d7f-8137-a7b3-d504d20fa0d6
2025-04-01 14:04:32,814 - notion_sync - INFO - ✅ Updated record: 1903a17e-5d7f-81fe-b346-e6c53b455ca9
2025-04-01 14:04:32,816 - notion_sync - INFO - ✅ Updated record: 1903a17e-5d7f-815c-bdd3-fcb2536dfaf0
2025-04-01 14:04:32,817 - notion_sync - INFO - ✅ Updated record: 1903a17e-5d7f-818f-b394-d3d88c7f7b42
2025-04-01 14:04:32,819 - notion_sync - INFO - ✅ Updated record: 1903a17e-5d7f-8173-95ae-fc940d7bdd58
2025-04-01 14:04:32,821 - notion_sync - INFO - ✅ Updated record: 1903a17e-5d7f-8129-a890-dc8d1729b360
2025-04-01 14:04:32,822 - notion_sync - INFO - ✅ Updated record: 1903a17e-5d7f-81b4-bd97-d8a54e93b3e8
2025-04-01 14:04:32,824 - notion_sync - INFO - ✅ Updated record: 1903a17e-5d7f-817f-9ff3-d442e16ac391
2025-04-01 14:04:32,825 - notion_sync - INFO - ✅ Updated record: 1903a17e-5d7f-818a-9204-c60bfdfcbd1b
2025-04-01 14:04:32,827 - notion_sync - INFO - ✅ Updated record: 1903a17e-5d7f-8185-89a5-e6150fda8734
2025-04-01 14:04:32,829 - notion_sync - INFO - ✅ Updated record: 1903a17e-5d7f-81ca-a1cb-ea1555b3b73e
2025-04-01 14:04:32,830 - notion_sync - INFO - ✅ Updated record: 1903a17e-5d7f-8180-abfb-cdcc299b6f70
2025-04-01 14:04:32,832 - notion_sync - INFO - ✅ Updated record: 1903a17e-5d7f-8193-a29d-d303c4cb89c9
2025-04-01 14:04:32,834 - notion_sync - INFO - ✅ Updated record: 1903a17e-5d7f-81ad-aeee-dd2e11052974
2025-04-01 14:04:32,836 - notion_sync - INFO - ✅ Updated record: 1903a17e-5d7f-81a8-a457-d72800c9a301
2025-04-01 14:04:32,837 - notion_sync - INFO - ✅ Updated record: 1903a17e-5d7f-812a-8887-c37f9cc96a54
2025-04-01 14:04:32,839 - notion_sync - INFO - ✅ Updated record: 1903a17e-5d7f-81ba-ab5f-c095592abaab
2025-04-01 14:04:32,841 - notion_sync - INFO - ✅ Updated record: 1903a17e-5d7f-81c8-b6d1-e9a7d943c79c
2025-04-01 14:04:32,842 - notion_sync - INFO - ✅ Updated record: 1903a17e-5d7f-81d6-9eba-ed0eb816b77a
2025-04-01 14:04:32,845 - notion_sync - INFO - ✅ Updated record: 1903a17e-5d7f-81f0-b064-cc64cf9b2fa3
2025-04-01 14:04:32,846 - notion_sync - INFO - ✅ Updated record: 1903a17e-5d7f-81e0-8926-c822df89cc34
2025-04-01 14:04:32,848 - notion_sync - INFO - ✅ Updated record: 1903a17e-5d7f-814d-9999-d06b9dd1725e
2025-04-01 14:04:32,850 - notion_sync - INFO - ✅ Updated record: 1903a17e-5d7f-8120-8057-c1c3b641708d
2025-04-01 14:04:32,851 - notion_sync - INFO - ✅ Updated record: 1903a17e-5d7f-8177-823c-d1f5d7f0596b
2025-04-01 14:04:32,853 - notion_sync - INFO - ✅ Updated record: 1903a17e-5d7f-81bb-8dd4-ecbc321f0389
2025-04-01 14:04:32,855 - notion_sync - INFO - ✅ Updated record: 1903a17e-5d7f-8150-99a4-dbf03747d992
2025-04-01 14:04:32,857 - notion_sync - INFO - ✅ Updated record: 1903a17e-5d7f-81de-a89f-e3a1c201ddd4
2025-04-01 14:04:32,859 - notion_sync - INFO - ✅ Updated record: 1903a17e-5d7f-81ba-85e6-f8c6e2940cfa
2025-04-01 14:04:32,860 - notion_sync - INFO - ✅ Updated record: 1903a17e-5d7f-812c-bc4d-d2bbeb8d5221
2025-04-01 14:04:32,862 - notion_sync - INFO - ✅ Updated record: 1903a17e-5d7f-81cb-9607-f622f2871d46
2025-04-01 14:04:32,864 - notion_sync - INFO - ✅ Updated record: 1903a17e-5d7f-8102-ba91-de9162d08600
2025-04-01 14:04:32,866 - notion_sync - INFO - ✅ Updated record: 1903a17e-5d7f-81ce-ae4a-dd563abbd1a9
2025-04-01 14:04:32,867 - notion_sync - INFO - ✅ Updated record: 1903a17e-5d7f-810a-bbac-ef8e35ab6ef6
2025-04-01 14:04:32,869 - notion_sync - INFO - ✅ Updated record: 1903a17e-5d7f-81ac-9b6d-d6ccb22e6958
2025-04-01 14:04:32,871 - notion_sync - INFO - ✅ Updated record: 1903a17e-5d7f-815e-9c3d-f1a662d72f73
2025-04-01 14:04:32,872 - notion_sync - INFO - ✅ Updated record: 1903a17e-5d7f-819b-94af-dabcc7465f78
2025-04-01 14:04:32,874 - notion_sync - INFO - ✅ Updated record: 1903a17e-5d7f-81ed-8d1b-f6659a69ef03
2025-04-01 14:04:32,876 - notion_sync - INFO - ✅ Updated record: 1903a17e-5d7f-812f-97bc-e00ee28ead5e
2025-04-01 14:04:32,877 - notion_sync - INFO - ✅ Updated record: 1903a17e-5d7f-81d8-ae9a-fbd03b6d84e4
2025-04-01 14:04:32,879 - notion_sync - INFO - ✅ Updated record: 1903a17e-5d7f-8196-907f-f2b6320a2ae6
2025-04-01 14:04:32,881 - notion_sync - INFO - ✅ Updated record: 1903a17e-5d7f-814f-99a6-e375b0e674f7
2025-04-01 14:04:32,883 - notion_sync - INFO - ✅ Updated record: 1903a17e-5d7f-8141-8881-e2b598a68fd0
2025-04-01 14:04:32,884 - notion_sync - INFO - ✅ Updated record: 1903a17e-5d7f-81a8-94cc-d89278501f58
2025-04-01 14:04:32,886 - notion_sync - INFO - ✅ Updated record: 1903a17e-5d7f-810e-b321-e26f0557e740
2025-04-01 14:04:32,888 - notion_sync - INFO - ✅ Updated record: 1903a17e-5d7f-8195-b7f1-ca5240be5294
2025-04-01 14:04:32,889 - notion_sync - INFO - ✅ Updated record: 1903a17e-5d7f-813d-8e20-f35ba6f2c213
2025-04-01 14:04:32,891 - notion_sync - INFO - ✅ Updated record: 1903a17e-5d7f-81cd-b855-f26dce2f8223
2025-04-01 14:04:32,892 - notion_sync - INFO - ✅ Updated record: 1903a17e-5d7f-8189-bfef-d527b9662c34
2025-04-01 14:04:32,894 - notion_sync - INFO - ✅ Updated record: 1903a17e-5d7f-812e-8541-fc8d8af5529f
2025-04-01 14:04:32,896 - notion_sync - INFO - ✅ Updated record: 18e3a17e-5d7f-802f-bc0a-ffdff97c0ca8
2025-04-01 14:04:32,897 - notion_sync - INFO - ✅ Updated record: 18e3a17e-5d7f-80aa-9562-cf733c086d3e
2025-04-01 14:04:32,899 - notion_sync - INFO - ✅ Updated record: 18e3a17e-5d7f-80de-98ba-eaf5aa62f28c
2025-04-01 14:04:32,901 - notion_sync - INFO - ✅ Updated record: 1813a17e-5d7f-8001-88d5-ecbdf5b7ef0e
2025-04-01 14:04:32,903 - notion_sync - INFO - ✅ Updated record: 1813a17e-5d7f-80b6-a411-f687c20a4e9c
2025-04-01 14:04:32,904 - notion_sync - INFO - ✅ Updated record: 1813a17e-5d7f-8003-82e5-f66dcba6cee4
2025-04-01 14:04:32,906 - notion_sync - INFO - ✅ Updated record: 1813a17e-5d7f-8094-b2a4-c81181e18a9d
2025-04-01 14:04:32,907 - notion_sync - INFO - ✅ Updated record: 1813a17e-5d7f-8062-aa0b-f0c6ac4972bf
2025-04-01 14:04:32,909 - notion_sync - INFO - ✅ Updated record: 1813a17e-5d7f-804c-a02f-cd4ace126cd7
2025-04-01 14:04:32,909 - notion_sync - INFO - Sync completed. 270/271 records synced.
2025-04-01 14:04:32,911 - nontion_sync.tasks - INFO - ✅ Sync result for 13e3a17e5d7f80da9a55e1a01feda7b3: Sync completed. 270/271 records synced.
2025-04-01 14:05:53,320 - nontion_sync.tasks - INFO - Processing NotionDbConfig: Orders
2025-04-01 14:05:58,886 - httpx - INFO - HTTP Request: POST https://api.notion.com/v1/databases/13e3a17e5d7f80da9a55e1a01feda7b3/query "HTTP/1.1 200 OK"
2025-04-01 14:06:04,841 - httpx - INFO - HTTP Request: POST https://api.notion.com/v1/databases/13e3a17e5d7f80da9a55e1a01feda7b3/query "HTTP/1.1 200 OK"
2025-04-01 14:06:06,511 - httpx - INFO - HTTP Request: POST https://api.notion.com/v1/databases/13e3a17e5d7f80da9a55e1a01feda7b3/query "HTTP/1.1 200 OK"
2025-04-01 14:06:06,528 - notion_sync - INFO - 📊 Fetched 271 records from Notion.
2025-04-01 14:06:06,534 - notion_sync - ERROR - Attempt 1 failed. Retrying in 5 seconds...
2025-04-01 14:06:20,902 - httpx - INFO - HTTP Request: POST https://api.notion.com/v1/databases/13e3a17e5d7f80da9a55e1a01feda7b3/query "HTTP/1.1 200 OK"
2025-04-01 14:06:24,491 - httpx - INFO - HTTP Request: POST https://api.notion.com/v1/databases/13e3a17e5d7f80da9a55e1a01feda7b3/query "HTTP/1.1 200 OK"
2025-04-01 14:06:34,889 - httpx - INFO - HTTP Request: POST https://api.notion.com/v1/databases/13e3a17e5d7f80da9a55e1a01feda7b3/query "HTTP/1.1 200 OK"
2025-04-01 14:06:34,920 - notion_sync - INFO - 📊 Fetched 271 records from Notion.
2025-04-01 14:06:34,925 - notion_sync - ERROR - Attempt 2 failed. Retrying in 10 seconds...
2025-04-01 14:13:20,584 - nontion_sync.tasks - INFO - Processing NotionDbConfig: Orders
2025-04-01 14:13:39,503 - httpx - INFO - HTTP Request: POST https://api.notion.com/v1/databases/13e3a17e5d7f80da9a55e1a01feda7b3/query "HTTP/1.1 200 OK"
2025-04-01 14:13:52,017 - httpx - INFO - HTTP Request: POST https://api.notion.com/v1/databases/13e3a17e5d7f80da9a55e1a01feda7b3/query "HTTP/1.1 200 OK"
2025-04-01 14:13:54,120 - httpx - INFO - HTTP Request: POST https://api.notion.com/v1/databases/13e3a17e5d7f80da9a55e1a01feda7b3/query "HTTP/1.1 200 OK"
2025-04-01 14:13:54,137 - notion_sync - INFO - 📊 Fetched 271 records from Notion.
2025-04-01 14:13:54,142 - notion_sync - WARNING - ❌ Failed to sync record: 726
2025-04-01 14:13:54,142 - notion_sync - WARNING - list index out of range
2025-04-01 14:13:54,146 - notion_sync - INFO - ✅ Updated record: 1c73a17e-5d7f-8028-a1d7-c86ca57ec5fb
2025-04-01 14:13:54,149 - notion_sync - INFO - ✅ Updated record: 1c73a17e-5d7f-80a4-94d1-fb8ba9a1e51b
2025-04-01 14:13:54,152 - notion_sync - INFO - ✅ Updated record: 1c73a17e-5d7f-8010-a7a8-f0adb2245203
2025-04-01 14:13:54,154 - notion_sync - INFO - ✅ Updated record: 1c73a17e-5d7f-8040-a423-de1057f8a407
2025-04-01 14:13:54,156 - notion_sync - INFO - ✅ Updated record: 1c73a17e-5d7f-8093-894c-d03f36fca7bd
2025-04-01 14:13:54,158 - notion_sync - INFO - ✅ Updated record: 1c73a17e-5d7f-806d-ac7f-e38a0d8c5450
2025-04-01 14:13:54,160 - notion_sync - INFO - ✅ Updated record: 1c53a17e-5d7f-806b-9a6c-d52fba73327b
2025-04-01 14:13:54,161 - notion_sync - INFO - ✅ Updated record: 1c53a17e-5d7f-8015-912b-e1c6af4288bb
2025-04-01 14:13:54,164 - notion_sync - INFO - ✅ Updated record: 1c53a17e-5d7f-8050-8538-dda5756f484c
2025-04-01 14:13:54,166 - notion_sync - INFO - ✅ Updated record: 1c53a17e-5d7f-805c-b4e7-d2ba3ff97364
2025-04-01 14:13:54,168 - notion_sync - INFO - ✅ Updated record: 1c53a17e-5d7f-80eb-a401-ef43b9391bca
2025-04-01 14:13:54,169 - notion_sync - INFO - ✅ Updated record: 1c53a17e-5d7f-8029-9368-f10a67c2bbe2
2025-04-01 14:13:54,171 - notion_sync - INFO - ✅ Updated record: 1c43a17e-5d7f-802d-81ab-f30e125e540f
2025-04-01 14:13:54,173 - notion_sync - INFO - ✅ Updated record: 1c43a17e-5d7f-807a-b479-cd85b920cd8c
2025-04-01 14:13:54,176 - notion_sync - INFO - ✅ Updated record: 1c43a17e-5d7f-8016-8091-d25edde515e8
2025-04-01 14:13:54,178 - notion_sync - INFO - ✅ Updated record: 1c43a17e-5d7f-8049-a8a2-d619b8cff0dd
2025-04-01 14:13:54,180 - notion_sync - INFO - ✅ Updated record: 1c43a17e-5d7f-803d-bcb6-cd616f6404f4
2025-04-01 14:13:54,182 - notion_sync - INFO - ✅ Updated record: 1c43a17e-5d7f-80c0-b46d-ec5a36e9a94a
2025-04-01 14:13:54,183 - notion_sync - INFO - ✅ Updated record: 1c33a17e-5d7f-804b-bb17-e1348dace48c
2025-04-01 14:13:54,185 - notion_sync - INFO - ✅ Updated record: 1c33a17e-5d7f-8066-9c3e-ee2742e7d933
2025-04-01 14:13:54,187 - notion_sync - INFO - ✅ Updated record: 1c33a17e-5d7f-8050-95d8-ffbb5352141b
2025-04-01 14:13:54,188 - notion_sync - INFO - ✅ Updated record: 1c33a17e-5d7f-801a-b649-cbbfac327ef6
2025-04-01 14:13:54,190 - notion_sync - INFO - ✅ Updated record: 1c33a17e-5d7f-80a3-972d-e84d88a9608d
2025-04-01 14:13:54,192 - notion_sync - INFO - ✅ Updated record: 1c13a17e-5d7f-8027-8134-d2ad99daa093
2025-04-01 14:13:54,194 - notion_sync - INFO - ✅ Updated record: 1bc3a17e-5d7f-80c0-9623-c3fa2278c060
2025-04-01 14:13:54,196 - notion_sync - INFO - ✅ Updated record: 1bc3a17e-5d7f-80f2-91f0-ce03b030bbd6
2025-04-01 14:13:54,197 - notion_sync - INFO - ✅ Updated record: 1bc3a17e-5d7f-80da-8249-f940cd9a2834
2025-04-01 14:13:54,199 - notion_sync - INFO - ✅ Updated record: 1bc3a17e-5d7f-805a-8ea0-c903f17c646d
2025-04-01 14:13:54,201 - notion_sync - INFO - ✅ Updated record: 1bb3a17e-5d7f-8074-999d-e3a3e586ef58
2025-04-01 14:13:54,202 - notion_sync - INFO - ✅ Updated record: 1ba3a17e-5d7f-80ea-a492-eb62d693f692
2025-04-01 14:13:54,204 - notion_sync - INFO - ✅ Updated record: 1ba3a17e-5d7f-807c-b906-c5d1883f4048
2025-04-01 14:13:54,205 - notion_sync - INFO - ✅ Updated record: 1b93a17e-5d7f-8075-8d43-ddf68970ea9c
2025-04-01 14:13:54,207 - notion_sync - INFO - ✅ Updated record: 1b63a17e-5d7f-8066-a03b-eeb65ac73042
2025-04-01 14:13:54,209 - notion_sync - INFO - ✅ Updated record: 1b63a17e-5d7f-80f2-b7e4-ddd6e635f878
2025-04-01 14:13:54,210 - notion_sync - INFO - ✅ Updated record: 1b63a17e-5d7f-8017-acc6-e74a68e90a06
2025-04-01 14:13:54,212 - notion_sync - INFO - ✅ Updated record: 1b63a17e-5d7f-80fc-8479-e9f2a322f238
2025-04-01 14:13:54,214 - notion_sync - INFO - ✅ Updated record: 1b63a17e-5d7f-8027-a7cd-dc3403f9c6d4
2025-04-01 14:13:54,215 - notion_sync - INFO - ✅ Updated record: 1b63a17e-5d7f-8071-9f36-c0f4484b8a25
2025-04-01 14:13:54,217 - notion_sync - INFO - ✅ Updated record: 1b63a17e-5d7f-8049-954c-e72203e5cce6
2025-04-01 14:13:54,219 - notion_sync - INFO - ✅ Updated record: 1b63a17e-5d7f-8019-8139-cede031adf5a
2025-04-01 14:13:54,220 - notion_sync - INFO - ✅ Updated record: 1b63a17e-5d7f-80ef-9f1f-f09f46290c69
2025-04-01 14:13:54,222 - notion_sync - INFO - ✅ Updated record: 1b63a17e-5d7f-80ad-aefa-ce9cdff2faf5
2025-04-01 14:13:54,224 - notion_sync - INFO - ✅ Updated record: 1b63a17e-5d7f-80ee-b394-fb33d4ed0b94
2025-04-01 14:13:54,226 - notion_sync - INFO - ✅ Updated record: 1b63a17e-5d7f-80b2-9bbd-c2ad614a592a
2025-04-01 14:13:54,227 - notion_sync - INFO - ✅ Updated record: 1b63a17e-5d7f-8049-b92e-fed713eb9a7b
2025-04-01 14:13:54,229 - notion_sync - INFO - ✅ Updated record: 1b63a17e-5d7f-80bb-b421-d44abcf72331
2025-04-01 14:13:54,231 - notion_sync - INFO - ✅ Updated record: 1b63a17e-5d7f-80f2-b76a-f5dc95bdd526
2025-04-01 14:13:54,233 - notion_sync - INFO - ✅ Updated record: 1b63a17e-5d7f-8006-99db-cd12c8dbcebb
2025-04-01 14:13:54,234 - notion_sync - INFO - ✅ Updated record: 1b63a17e-5d7f-8059-8ee5-e1bb73166965
2025-04-01 14:13:54,236 - notion_sync - INFO - ✅ Updated record: 1b63a17e-5d7f-8041-95dd-eb21967c96cf
2025-04-01 14:13:54,238 - notion_sync - INFO - ✅ Updated record: 1b63a17e-5d7f-809a-b6e6-e95d1d0d6add
2025-04-01 14:13:54,239 - notion_sync - INFO - ✅ Updated record: 1b63a17e-5d7f-803e-8423-c97b96385575
2025-04-01 14:13:54,241 - notion_sync - INFO - ✅ Updated record: 1b63a17e-5d7f-80d9-b340-cc4d58b607f3
2025-04-01 14:13:54,243 - notion_sync - INFO - ✅ Updated record: 1b63a17e-5d7f-8052-bb5a-d79705b99b06
2025-04-01 14:13:54,244 - notion_sync - INFO - ✅ Updated record: 1b63a17e-5d7f-809a-86f0-c62944ac1511
2025-04-01 14:13:54,246 - notion_sync - INFO - ✅ Updated record: 1b63a17e-5d7f-80e5-8a5a-e8f80dac60b0
2025-04-01 14:13:54,248 - notion_sync - INFO - ✅ Updated record: 1b63a17e-5d7f-80ac-9d2d-fbf55140f32b
2025-04-01 14:13:54,250 - notion_sync - INFO - ✅ Updated record: 1b63a17e-5d7f-80ac-815b-f7823214a981
2025-04-01 14:13:54,252 - notion_sync - INFO - ✅ Updated record: 1b63a17e-5d7f-807c-b321-f2fb51a873a7
2025-04-01 14:13:54,254 - notion_sync - INFO - ✅ Updated record: 1b63a17e-5d7f-80b9-b5fe-f80cce946211
2025-04-01 14:13:54,255 - notion_sync - INFO - ✅ Updated record: 1b63a17e-5d7f-8064-b3c7-f5fd338a10b4
2025-04-01 14:13:54,257 - notion_sync - INFO - ✅ Updated record: 1b63a17e-5d7f-80ce-b28a-ea7d7d6fae34
2025-04-01 14:13:54,259 - notion_sync - INFO - ✅ Updated record: 1b63a17e-5d7f-804e-a1b0-d8ff466ac033
2025-04-01 14:13:54,261 - notion_sync - INFO - ✅ Updated record: 1b63a17e-5d7f-8011-94f4-de5f4ad957a6
2025-04-01 14:13:54,262 - notion_sync - INFO - ✅ Updated record: 1b63a17e-5d7f-8002-928a-d17cf7aa797e
2025-04-01 14:13:54,264 - notion_sync - INFO - ✅ Updated record: 1b63a17e-5d7f-8048-bca4-e16308967e87
2025-04-01 14:13:54,266 - notion_sync - INFO - ✅ Updated record: 1b63a17e-5d7f-809a-be83-eaa31978b53c
2025-04-01 14:13:54,268 - notion_sync - INFO - ✅ Updated record: 1b63a17e-5d7f-80a3-9cf5-e2c86ab2c1dc
2025-04-01 14:13:54,270 - notion_sync - INFO - ✅ Updated record: 1b63a17e-5d7f-808c-bf6c-e557429cd3fa
2025-04-01 14:13:54,273 - notion_sync - INFO - ✅ Updated record: 1b63a17e-5d7f-8013-a391-cf309de2acbf
2025-04-01 14:13:54,275 - notion_sync - INFO - ✅ Updated record: 1b63a17e-5d7f-8099-84dc-ff7ed07ab86a
2025-04-01 14:13:54,276 - notion_sync - INFO - ✅ Updated record: 1b63a17e-5d7f-80d2-a70a-f02c0f898130
2025-04-01 14:13:54,278 - notion_sync - INFO - ✅ Updated record: 1b53a17e-5d7f-80d3-9a22-ce21ea9991ac
2025-04-01 14:13:54,280 - notion_sync - INFO - ✅ Updated record: 1b43a17e-5d7f-802e-8d97-d7e48eff6920
2025-04-01 14:13:54,282 - notion_sync - INFO - ✅ Updated record: 1b43a17e-5d7f-80b8-bcf6-d75d63226283
2025-04-01 14:13:54,284 - notion_sync - INFO - ✅ Updated record: 1b43a17e-5d7f-8027-b589-e0feb1868630
2025-04-01 14:13:54,286 - notion_sync - INFO - ✅ Updated record: 1b43a17e-5d7f-8067-b512-d636eef5afbc
2025-04-01 14:13:54,288 - notion_sync - INFO - ✅ Updated record: 1b43a17e-5d7f-8000-997d-ff573d3fc084
2025-04-01 14:13:54,290 - notion_sync - INFO - ✅ Updated record: 1b43a17e-5d7f-807a-b58b-f02a73676898
2025-04-01 14:13:54,291 - notion_sync - INFO - ✅ Updated record: 1b43a17e-5d7f-8050-96db-f13b4a08d9ba
2025-04-01 14:13:54,293 - notion_sync - INFO - ✅ Updated record: 1b43a17e-5d7f-8092-bc8f-fc7cc417b65f
2025-04-01 14:13:54,295 - notion_sync - INFO - ✅ Updated record: 1b43a17e-5d7f-8062-98b5-e5b149d427dd
2025-04-01 14:13:54,297 - notion_sync - INFO - ✅ Updated record: 1b43a17e-5d7f-80ac-b1ce-ffa842491cdd
2025-04-01 14:13:54,299 - notion_sync - INFO - ✅ Updated record: 1b43a17e-5d7f-804c-9120-ca920375c32a
2025-04-01 14:13:54,301 - notion_sync - INFO - ✅ Updated record: 1b43a17e-5d7f-800d-bc17-f2d0608aaca2
2025-04-01 14:13:54,303 - notion_sync - INFO - ✅ Updated record: 1b43a17e-5d7f-80b3-8831-fdbe0345e3dd
2025-04-01 14:13:54,305 - notion_sync - INFO - ✅ Updated record: 1b43a17e-5d7f-80c3-80bf-f28237a56a19
2025-04-01 14:13:54,308 - notion_sync - INFO - ✅ Updated record: 1b43a17e-5d7f-8023-aab5-d8b284de438c
2025-04-01 14:13:54,310 - notion_sync - INFO - ✅ Updated record: 1b43a17e-5d7f-80f1-9660-df816a2f0497
2025-04-01 14:13:54,312 - notion_sync - INFO - ✅ Updated record: 1b43a17e-5d7f-80b5-b8be-d7cb059d0693
2025-04-01 14:13:54,314 - notion_sync - INFO - ✅ Updated record: 1b33a17e-5d7f-8034-9b8c-e452b8ef3ff8
2025-04-01 14:13:54,316 - notion_sync - INFO - ✅ Updated record: 1b33a17e-5d7f-8013-a39d-fb9661ddd6c1
2025-04-01 14:13:54,319 - notion_sync - INFO - ✅ Updated record: 1b33a17e-5d7f-80d1-af63-cbd124db871e
2025-04-01 14:13:54,321 - notion_sync - INFO - ✅ Updated record: 1af3a17e-5d7f-80af-b8e1-d87b8bba6211
2025-04-01 14:13:54,323 - notion_sync - INFO - ✅ Updated record: 1ae3a17e-5d7f-80b6-b6d2-eced4f4304e7
2025-04-01 14:13:54,325 - notion_sync - INFO - ✅ Updated record: 1ac3a17e-5d7f-80e6-8d49-d924e9cdc271
2025-04-01 14:13:54,327 - notion_sync - INFO - ✅ Updated record: 1ac3a17e-5d7f-80b9-ac96-cedaed4fdc51
2025-04-01 14:13:54,330 - notion_sync - INFO - ✅ Updated record: 1ac3a17e-5d7f-80a0-a166-e7be626d5304
2025-04-01 14:13:54,332 - notion_sync - INFO - ✅ Updated record: 1ac3a17e-5d7f-80cc-82cb-e614f79c35f9
2025-04-01 14:13:54,335 - notion_sync - INFO - ✅ Updated record: 1ac3a17e-5d7f-80da-9492-f5e155a1f1a8
2025-04-01 14:13:54,337 - notion_sync - INFO - ✅ Updated record: 1ab3a17e-5d7f-8047-afb8-d78a01192770
2025-04-01 14:13:54,339 - notion_sync - INFO - ✅ Updated record: 1ab3a17e-5d7f-803b-8219-e3ea012b71d7
2025-04-01 14:13:54,342 - notion_sync - INFO - ✅ Updated record: 1aa3a17e-5d7f-8066-a7c1-de84a825eb4f
2025-04-01 14:13:54,344 - notion_sync - INFO - ✅ Updated record: 1a83a17e-5d7f-8020-9f52-e70e38c309f0
2025-04-01 14:13:54,346 - notion_sync - INFO - ✅ Updated record: 1a63a17e-5d7f-8061-b106-c5adc9700d53
2025-04-01 14:13:54,348 - notion_sync - INFO - ✅ Updated record: 1a53a17e-5d7f-8073-8a29-fcd26026ee90
2025-04-01 14:13:54,350 - notion_sync - INFO - ✅ Updated record: 1a43a17e-5d7f-8088-ab45-c32cc951d7e9
2025-04-01 14:13:54,352 - notion_sync - INFO - ✅ Updated record: 1a43a17e-5d7f-8032-8611-c64a62253e6f
2025-04-01 14:13:54,354 - notion_sync - INFO - ✅ Updated record: 1a43a17e-5d7f-80bd-8bd8-e4c23cc5e48d
2025-04-01 14:13:54,356 - notion_sync - INFO - ✅ Updated record: 1a43a17e-5d7f-80ea-8733-d4bfc66036ab
2025-04-01 14:13:54,357 - notion_sync - INFO - ✅ Updated record: 1a13a17e-5d7f-80e5-aaac-c374c57612ff
2025-04-01 14:13:54,359 - notion_sync - INFO - ✅ Updated record: 1a13a17e-5d7f-80c8-805e-c14481b15bc3
2025-04-01 14:13:54,361 - notion_sync - INFO - ✅ Updated record: 1a13a17e-5d7f-800e-a53c-d746e978dd55
2025-04-01 14:13:54,363 - notion_sync - INFO - ✅ Updated record: 1a03a17e-5d7f-80ca-a7ce-fa8698fd1371
2025-04-01 14:13:54,365 - notion_sync - INFO - ✅ Updated record: 19f3a17e-5d7f-8007-a9b4-dbabfbd7441e
2025-04-01 14:13:54,367 - notion_sync - INFO - ✅ Updated record: 19e3a17e-5d7f-808b-baaa-f670d5f36344
2025-04-01 14:13:54,370 - notion_sync - INFO - ✅ Updated record: 19e3a17e-5d7f-8067-897d-c4dc63d21c43
2025-04-01 14:13:54,371 - notion_sync - INFO - ✅ Updated record: 19e3a17e-5d7f-8058-a629-d9c711cdacd2
2025-04-01 14:13:54,373 - notion_sync - INFO - ✅ Updated record: 19d3a17e-5d7f-8016-a6e3-ea9bc7434880
2025-04-01 14:13:54,376 - notion_sync - INFO - ✅ Updated record: 1993a17e-5d7f-8012-8e16-e817fa7a7dd1
2025-04-01 14:13:54,378 - notion_sync - INFO - ✅ Updated record: 1983a17e-5d7f-803e-9f68-c1dc8502a98b
2025-04-01 14:13:54,380 - notion_sync - INFO - ✅ Updated record: 1983a17e-5d7f-8095-ad40-ff852e0d3309
2025-04-01 14:13:54,383 - notion_sync - INFO - ✅ Updated record: 1983a17e-5d7f-80bb-a336-de8fdc85f9b8
2025-04-01 14:13:54,385 - notion_sync - INFO - ✅ Updated record: 1983a17e-5d7f-8058-ac3e-e269888fb6f3
2025-04-01 14:13:54,387 - notion_sync - INFO - ✅ Updated record: 1983a17e-5d7f-801a-a4e5-f26aa69a34ac
2025-04-01 14:13:54,389 - notion_sync - INFO - ✅ Updated record: 1983a17e-5d7f-8012-81f6-c1fbe4474007
2025-04-01 14:13:54,390 - notion_sync - INFO - ✅ Updated record: 1983a17e-5d7f-80c6-a0e4-e2d0070dd4ad
2025-04-01 14:13:54,392 - notion_sync - INFO - ✅ Updated record: 1983a17e-5d7f-80ea-a90b-c47991b77ac7
2025-04-01 14:13:54,394 - notion_sync - INFO - ✅ Updated record: 1983a17e-5d7f-80bb-b4d8-f1b2e4fa2a92
2025-04-01 14:13:54,397 - notion_sync - INFO - ✅ Updated record: 1983a17e-5d7f-80e6-adf1-cb0fb484d9cf
2025-04-01 14:13:54,399 - notion_sync - INFO - ✅ Updated record: 1983a17e-5d7f-8050-a578-e774ed89ec8c
2025-04-01 14:13:54,401 - notion_sync - INFO - ✅ Updated record: 1983a17e-5d7f-803d-a6ea-decab8891a2a
2025-04-01 14:13:54,403 - notion_sync - INFO - ✅ Updated record: 1983a17e-5d7f-8043-8561-f7c9a74c7b4c
2025-04-01 14:13:54,404 - notion_sync - INFO - ✅ Updated record: 1983a17e-5d7f-80bd-a263-c8a6aea681d6
2025-04-01 14:13:54,407 - notion_sync - INFO - ✅ Updated record: 1983a17e-5d7f-80b1-93ca-eae073725c19
2025-04-01 14:13:54,408 - notion_sync - INFO - ✅ Updated record: 1983a17e-5d7f-8063-b88c-f110c860b502
2025-04-01 14:13:54,410 - notion_sync - INFO - ✅ Updated record: 1983a17e-5d7f-8088-8648-ea3eb51a17a4
2025-04-01 14:13:54,412 - notion_sync - INFO - ✅ Updated record: 1983a17e-5d7f-8069-93ff-c4557cb3d89c
2025-04-01 14:13:54,414 - notion_sync - INFO - ✅ Updated record: 1983a17e-5d7f-8008-862d-fcb3b7f93a52
2025-04-01 14:13:54,416 - notion_sync - INFO - ✅ Updated record: 1983a17e-5d7f-808e-a0ec-d9375e17e9c1
2025-04-01 14:13:54,418 - notion_sync - INFO - ✅ Updated record: 1983a17e-5d7f-80f7-b372-ee970f8c8930
2025-04-01 14:13:54,420 - notion_sync - INFO - ✅ Updated record: 1983a17e-5d7f-8098-b27a-d80c68ca43e3
2025-04-01 14:13:54,421 - notion_sync - INFO - ✅ Updated record: 1983a17e-5d7f-808e-96a7-cfafeb0459cf
2025-04-01 14:13:54,424 - notion_sync - INFO - ✅ Updated record: 1983a17e-5d7f-8094-9b17-ee0a1853d576
2025-04-01 14:13:54,426 - notion_sync - INFO - ✅ Updated record: 1983a17e-5d7f-80c2-a419-e98ed1dd53a1
2025-04-01 14:13:54,428 - notion_sync - INFO - ✅ Updated record: 1983a17e-5d7f-800a-858e-f03de7b8a350
2025-04-01 14:13:54,430 - notion_sync - INFO - ✅ Updated record: 1983a17e-5d7f-8038-a4dc-ee1248ee090b
2025-04-01 14:13:54,431 - notion_sync - INFO - ✅ Updated record: 1983a17e-5d7f-80a8-a8db-d45ed3c79633
2025-04-01 14:13:54,433 - notion_sync - INFO - ✅ Updated record: 1983a17e-5d7f-8091-a81b-fc545af1991d
2025-04-01 14:13:54,435 - notion_sync - INFO - ✅ Updated record: 1983a17e-5d7f-80b4-851a-cfd1ece9cf54
2025-04-01 14:13:54,437 - notion_sync - INFO - ✅ Updated record: 1983a17e-5d7f-804c-9ab7-d3be1f71c39d
2025-04-01 14:13:54,439 - notion_sync - INFO - ✅ Updated record: 1983a17e-5d7f-8058-b538-d3ac09e07559
2025-04-01 14:13:54,441 - notion_sync - INFO - ✅ Updated record: 1983a17e-5d7f-806d-84ae-de81281b6779
2025-04-01 14:13:54,443 - notion_sync - INFO - ✅ Updated record: 1973a17e-5d7f-802f-99d4-d1fe9fddd989
2025-04-01 14:13:54,445 - notion_sync - INFO - ✅ Updated record: 1973a17e-5d7f-8054-b9a0-f8bad9f6df0a
2025-04-01 14:13:54,447 - notion_sync - INFO - ✅ Updated record: 1973a17e-5d7f-8018-a162-ca32639e5727
2025-04-01 14:13:54,449 - notion_sync - INFO - ✅ Updated record: 1973a17e-5d7f-80f5-8c45-e0afff814348
2025-04-01 14:13:54,450 - notion_sync - INFO - ✅ Updated record: 1973a17e-5d7f-80d1-a6f3-f1664a9757bd
2025-04-01 14:13:54,452 - notion_sync - INFO - ✅ Updated record: 1973a17e-5d7f-80c2-b5a0-d774c894f38e
2025-04-01 14:13:54,454 - notion_sync - INFO - ✅ Updated record: 1973a17e-5d7f-8021-8309-f234fe68ff2f
2025-04-01 14:13:54,456 - notion_sync - INFO - ✅ Updated record: 1973a17e-5d7f-80e6-9975-c298370ea6d7
2025-04-01 14:13:54,458 - notion_sync - INFO - ✅ Updated record: 1973a17e-5d7f-80bf-b203-d6a31cee7ce6
2025-04-01 14:13:54,460 - notion_sync - INFO - ✅ Updated record: 1973a17e-5d7f-801e-b787-cbffad2b9743
2025-04-01 14:13:54,462 - notion_sync - INFO - ✅ Updated record: 1973a17e-5d7f-8044-9fa1-cec2b7d249fd
2025-04-01 14:13:54,464 - notion_sync - INFO - ✅ Updated record: 1973a17e-5d7f-800a-b5e1-d2b967bbff55
2025-04-01 14:13:54,466 - notion_sync - INFO - ✅ Updated record: 1973a17e-5d7f-8068-a314-d9fa1ed39907
2025-04-01 14:13:54,467 - notion_sync - INFO - ✅ Updated record: 1973a17e-5d7f-80a1-a829-eba44d3b90d8
2025-04-01 14:13:54,469 - notion_sync - INFO - ✅ Updated record: 1963a17e-5d7f-8053-82d0-e2b181312493
2025-04-01 14:13:54,471 - notion_sync - INFO - ✅ Updated record: 1963a17e-5d7f-80d1-993d-e8894534fec6
2025-04-01 14:13:54,473 - notion_sync - INFO - ✅ Updated record: 1943a17e-5d7f-804a-9546-dd82ee1bf728
2025-04-01 14:13:54,475 - notion_sync - INFO - ✅ Updated record: d44443c0-37a0-477a-b5ec-da72c073dd6e
2025-04-01 14:13:54,477 - notion_sync - INFO - ✅ Updated record: 1923a17e-5d7f-80c8-b48d-f04d74f6733b
2025-04-01 14:13:54,478 - notion_sync - INFO - ✅ Updated record: b5cb80bc-ecb9-4494-b022-8b48d9f2cd7e
2025-04-01 14:13:54,480 - notion_sync - INFO - ✅ Updated record: 1923a17e-5d7f-8051-bf0e-f46cf8d8cf00
2025-04-01 14:13:54,482 - notion_sync - INFO - ✅ Updated record: 1903a17e-5d7f-8054-927c-da808bb43252
2025-04-01 14:13:54,483 - notion_sync - INFO - ✅ Updated record: 1903a17e-5d7f-808b-ba30-e3fea2199371
2025-04-01 14:13:54,485 - notion_sync - INFO - ✅ Updated record: 1903a17e-5d7f-8022-a227-d0dc4b11f1f1
2025-04-01 14:13:54,487 - notion_sync - INFO - ✅ Updated record: 1903a17e-5d7f-808c-8331-d7e881d97c57
2025-04-01 14:13:54,488 - notion_sync - INFO - ✅ Updated record: 1903a17e-5d7f-80ac-8b4f-d12236a8ebab
2025-04-01 14:13:54,490 - notion_sync - INFO - ✅ Updated record: 1903a17e-5d7f-80fe-8101-c8ef6f1217a5
2025-04-01 14:13:54,492 - notion_sync - INFO - ✅ Updated record: 1903a17e-5d7f-8004-b0dd-d94fdc32eeba
2025-04-01 14:13:54,494 - notion_sync - INFO - ✅ Updated record: 1903a17e-5d7f-80ac-9faa-e0949069e14e
2025-04-01 14:13:54,495 - notion_sync - INFO - ✅ Updated record: 1903a17e-5d7f-8059-9c69-e9c8ef2548ff
2025-04-01 14:13:54,498 - notion_sync - INFO - ✅ Updated record: 1903a17e-5d7f-80d9-af14-ea1307434e5e
2025-04-01 14:13:54,499 - notion_sync - INFO - ✅ Updated record: 1903a17e-5d7f-80ee-bf56-c1416f528edd
2025-04-01 14:13:54,501 - notion_sync - INFO - ✅ Updated record: 1903a17e-5d7f-805e-b86e-f5c9db24afa9
2025-04-01 14:13:54,503 - notion_sync - INFO - ✅ Updated record: 1903a17e-5d7f-8066-8283-d061d4b57690
2025-04-01 14:13:54,505 - notion_sync - INFO - ✅ Updated record: 1903a17e-5d7f-8006-bc4e-f2a371b37b31
2025-04-01 14:13:54,507 - notion_sync - INFO - ✅ Updated record: 1903a17e-5d7f-8000-8584-eb5868fff93f
2025-04-01 14:13:54,509 - notion_sync - INFO - ✅ Updated record: 1903a17e-5d7f-8085-af0c-d239fd5725a8
2025-04-01 14:13:54,511 - notion_sync - INFO - ✅ Updated record: 1903a17e-5d7f-8053-8fad-ed86d5c795f6
2025-04-01 14:13:54,513 - notion_sync - INFO - ✅ Updated record: 1903a17e-5d7f-804e-9c6f-f7af4c43f2d9
2025-04-01 14:13:54,515 - notion_sync - INFO - ✅ Updated record: 1903a17e-5d7f-80e5-9029-eebd8a9b0aac
2025-04-01 14:13:54,517 - notion_sync - INFO - ✅ Updated record: 1903a17e-5d7f-8017-b38a-ff2b3238acf1
2025-04-01 14:13:54,519 - notion_sync - INFO - ✅ Updated record: 1903a17e-5d7f-80c9-b42c-d59fcfefa02b
2025-04-01 14:13:54,521 - notion_sync - INFO - ✅ Updated record: 1903a17e-5d7f-8025-a23a-ca8b4add650e
2025-04-01 14:13:54,523 - notion_sync - INFO - ✅ Updated record: 1903a17e-5d7f-80a0-8e2d-c13d6771da26
2025-04-01 14:13:54,525 - notion_sync - INFO - ✅ Updated record: 1903a17e-5d7f-81fe-9328-e2baa136ebf6
2025-04-01 14:13:54,527 - notion_sync - INFO - ✅ Updated record: 1903a17e-5d7f-81f9-9fcf-c3b76ee9d4b6
2025-04-01 14:13:54,528 - notion_sync - INFO - ✅ Updated record: 1903a17e-5d7f-81d0-a495-db5aa728313d
2025-04-01 14:13:54,530 - notion_sync - INFO - ✅ Updated record: 1903a17e-5d7f-812a-96a4-da155531ef7e
2025-04-01 14:13:54,532 - notion_sync - INFO - ✅ Updated record: 1903a17e-5d7f-81a9-86e5-e46cc2cff610
2025-04-01 14:13:54,534 - notion_sync - INFO - ✅ Updated record: 1903a17e-5d7f-81f8-ac3f-c71b911c95ec
2025-04-01 14:13:54,536 - notion_sync - INFO - ✅ Updated record: 1903a17e-5d7f-81a3-8fdb-d31942636693
2025-04-01 14:13:54,537 - notion_sync - INFO - ✅ Updated record: 1903a17e-5d7f-81ec-a337-fa525304c7c8
2025-04-01 14:13:54,539 - notion_sync - INFO - ✅ Updated record: 1903a17e-5d7f-819f-8642-eec2ca332cd9
2025-04-01 14:13:54,541 - notion_sync - INFO - ✅ Updated record: 1903a17e-5d7f-8120-a6ed-fa603db5b0bb
2025-04-01 14:13:54,542 - notion_sync - INFO - ✅ Updated record: 1903a17e-5d7f-812e-978a-ce370e855346
2025-04-01 14:13:54,544 - notion_sync - INFO - ✅ Updated record: 1903a17e-5d7f-8168-8cca-e1c5d83699c8
2025-04-01 14:13:54,546 - notion_sync - INFO - ✅ Updated record: 1903a17e-5d7f-81e4-8409-ff5d5303c565
2025-04-01 14:13:54,548 - notion_sync - INFO - ✅ Updated record: 1903a17e-5d7f-81f9-923e-f3ac1e2e53f3
2025-04-01 14:13:54,550 - notion_sync - INFO - ✅ Updated record: 1903a17e-5d7f-8195-a1eb-f76020f679ad
2025-04-01 14:13:54,552 - notion_sync - INFO - ✅ Updated record: 1903a17e-5d7f-8137-a7b3-d504d20fa0d6
2025-04-01 14:13:54,553 - notion_sync - INFO - ✅ Updated record: 1903a17e-5d7f-81fe-b346-e6c53b455ca9
2025-04-01 14:13:54,555 - notion_sync - INFO - ✅ Updated record: 1903a17e-5d7f-815c-bdd3-fcb2536dfaf0
2025-04-01 14:13:54,557 - notion_sync - INFO - ✅ Updated record: 1903a17e-5d7f-818f-b394-d3d88c7f7b42
2025-04-01 14:13:54,559 - notion_sync - INFO - ✅ Updated record: 1903a17e-5d7f-8173-95ae-fc940d7bdd58
2025-04-01 14:13:54,560 - notion_sync - INFO - ✅ Updated record: 1903a17e-5d7f-8129-a890-dc8d1729b360
2025-04-01 14:13:54,562 - notion_sync - INFO - ✅ Updated record: 1903a17e-5d7f-81b4-bd97-d8a54e93b3e8
2025-04-01 14:13:54,564 - notion_sync - INFO - ✅ Updated record: 1903a17e-5d7f-817f-9ff3-d442e16ac391
2025-04-01 14:13:54,566 - notion_sync - INFO - ✅ Updated record: 1903a17e-5d7f-818a-9204-c60bfdfcbd1b
2025-04-01 14:13:54,567 - notion_sync - INFO - ✅ Updated record: 1903a17e-5d7f-8185-89a5-e6150fda8734
2025-04-01 14:13:54,569 - notion_sync - INFO - ✅ Updated record: 1903a17e-5d7f-81ca-a1cb-ea1555b3b73e
2025-04-01 14:13:54,571 - notion_sync - INFO - ✅ Updated record: 1903a17e-5d7f-8180-abfb-cdcc299b6f70
2025-04-01 14:13:54,572 - notion_sync - INFO - ✅ Updated record: 1903a17e-5d7f-8193-a29d-d303c4cb89c9
2025-04-01 14:13:54,574 - notion_sync - INFO - ✅ Updated record: 1903a17e-5d7f-81ad-aeee-dd2e11052974
2025-04-01 14:13:54,576 - notion_sync - INFO - ✅ Updated record: 1903a17e-5d7f-81a8-a457-d72800c9a301
2025-04-01 14:13:54,578 - notion_sync - INFO - ✅ Updated record: 1903a17e-5d7f-812a-8887-c37f9cc96a54
2025-04-01 14:13:54,580 - notion_sync - INFO - ✅ Updated record: 1903a17e-5d7f-81ba-ab5f-c095592abaab
2025-04-01 14:13:54,582 - notion_sync - INFO - ✅ Updated record: 1903a17e-5d7f-81c8-b6d1-e9a7d943c79c
2025-04-01 14:13:54,583 - notion_sync - INFO - ✅ Updated record: 1903a17e-5d7f-81d6-9eba-ed0eb816b77a
2025-04-01 14:13:54,585 - notion_sync - INFO - ✅ Updated record: 1903a17e-5d7f-81f0-b064-cc64cf9b2fa3
2025-04-01 14:13:54,587 - notion_sync - INFO - ✅ Updated record: 1903a17e-5d7f-81e0-8926-c822df89cc34
2025-04-01 14:13:54,589 - notion_sync - INFO - ✅ Updated record: 1903a17e-5d7f-814d-9999-d06b9dd1725e
2025-04-01 14:13:54,591 - notion_sync - INFO - ✅ Updated record: 1903a17e-5d7f-8120-8057-c1c3b641708d
2025-04-01 14:13:54,592 - notion_sync - INFO - ✅ Updated record: 1903a17e-5d7f-8177-823c-d1f5d7f0596b
2025-04-01 14:13:54,594 - notion_sync - INFO - ✅ Updated record: 1903a17e-5d7f-81bb-8dd4-ecbc321f0389
2025-04-01 14:13:54,596 - notion_sync - INFO - ✅ Updated record: 1903a17e-5d7f-8150-99a4-dbf03747d992
2025-04-01 14:13:54,598 - notion_sync - INFO - ✅ Updated record: 1903a17e-5d7f-81de-a89f-e3a1c201ddd4
2025-04-01 14:13:54,599 - notion_sync - INFO - ✅ Updated record: 1903a17e-5d7f-81ba-85e6-f8c6e2940cfa
2025-04-01 14:13:54,602 - notion_sync - INFO - ✅ Updated record: 1903a17e-5d7f-812c-bc4d-d2bbeb8d5221
2025-04-01 14:13:54,603 - notion_sync - INFO - ✅ Updated record: 1903a17e-5d7f-81cb-9607-f622f2871d46
2025-04-01 14:13:54,605 - notion_sync - INFO - ✅ Updated record: 1903a17e-5d7f-8102-ba91-de9162d08600
2025-04-01 14:13:54,606 - notion_sync - INFO - ✅ Updated record: 1903a17e-5d7f-81ce-ae4a-dd563abbd1a9
2025-04-01 14:13:54,608 - notion_sync - INFO - ✅ Updated record: 1903a17e-5d7f-810a-bbac-ef8e35ab6ef6
2025-04-01 14:13:54,610 - notion_sync - INFO - ✅ Updated record: 1903a17e-5d7f-81ac-9b6d-d6ccb22e6958
2025-04-01 14:13:54,612 - notion_sync - INFO - ✅ Updated record: 1903a17e-5d7f-815e-9c3d-f1a662d72f73
2025-04-01 14:13:54,614 - notion_sync - INFO - ✅ Updated record: 1903a17e-5d7f-819b-94af-dabcc7465f78
2025-04-01 14:13:54,616 - notion_sync - INFO - ✅ Updated record: 1903a17e-5d7f-81ed-8d1b-f6659a69ef03
2025-04-01 14:13:54,618 - notion_sync - INFO - ✅ Updated record: 1903a17e-5d7f-812f-97bc-e00ee28ead5e
2025-04-01 14:13:54,620 - notion_sync - INFO - ✅ Updated record: 1903a17e-5d7f-81d8-ae9a-fbd03b6d84e4
2025-04-01 14:13:54,621 - notion_sync - INFO - ✅ Updated record: 1903a17e-5d7f-8196-907f-f2b6320a2ae6
2025-04-01 14:13:54,623 - notion_sync - INFO - ✅ Updated record: 1903a17e-5d7f-814f-99a6-e375b0e674f7
2025-04-01 14:13:54,624 - notion_sync - INFO - ✅ Updated record: 1903a17e-5d7f-8141-8881-e2b598a68fd0
2025-04-01 14:13:54,626 - notion_sync - INFO - ✅ Updated record: 1903a17e-5d7f-81a8-94cc-d89278501f58
2025-04-01 14:13:54,628 - notion_sync - INFO - ✅ Updated record: 1903a17e-5d7f-810e-b321-e26f0557e740
2025-04-01 14:13:54,630 - notion_sync - INFO - ✅ Updated record: 1903a17e-5d7f-8195-b7f1-ca5240be5294
2025-04-01 14:13:54,631 - notion_sync - INFO - ✅ Updated record: 1903a17e-5d7f-813d-8e20-f35ba6f2c213
2025-04-01 14:13:54,633 - notion_sync - INFO - ✅ Updated record: 1903a17e-5d7f-81cd-b855-f26dce2f8223
2025-04-01 14:13:54,634 - notion_sync - INFO - ✅ Updated record: 1903a17e-5d7f-8189-bfef-d527b9662c34
2025-04-01 14:13:54,636 - notion_sync - INFO - ✅ Updated record: 1903a17e-5d7f-812e-8541-fc8d8af5529f
2025-04-01 14:13:54,637 - notion_sync - INFO - ✅ Updated record: 18e3a17e-5d7f-802f-bc0a-ffdff97c0ca8
2025-04-01 14:13:54,639 - notion_sync - INFO - ✅ Updated record: 18e3a17e-5d7f-80aa-9562-cf733c086d3e
2025-04-01 14:13:54,641 - notion_sync - INFO - ✅ Updated record: 18e3a17e-5d7f-80de-98ba-eaf5aa62f28c
2025-04-01 14:13:54,643 - notion_sync - INFO - ✅ Updated record: 1813a17e-5d7f-8001-88d5-ecbdf5b7ef0e
2025-04-01 14:13:54,644 - notion_sync - INFO - ✅ Updated record: 1813a17e-5d7f-80b6-a411-f687c20a4e9c
2025-04-01 14:13:54,646 - notion_sync - INFO - ✅ Updated record: 1813a17e-5d7f-8003-82e5-f66dcba6cee4
2025-04-01 14:13:54,647 - notion_sync - INFO - ✅ Updated record: 1813a17e-5d7f-8094-b2a4-c81181e18a9d
2025-04-01 14:13:54,649 - notion_sync - INFO - ✅ Updated record: 1813a17e-5d7f-8062-aa0b-f0c6ac4972bf
2025-04-01 14:13:54,651 - notion_sync - INFO - ✅ Updated record: 1813a17e-5d7f-804c-a02f-cd4ace126cd7
2025-04-01 14:13:54,651 - notion_sync - INFO - Sync completed. 270/271 records synced.
2025-04-01 14:13:54,652 - nontion_sync.tasks - INFO - ✅ Sync result for 13e3a17e5d7f80da9a55e1a01feda7b3: Sync completed. 270/271 records synced.
2025-04-01 14:15:18,875 - nontion_sync.tasks - INFO - Processing NotionDbConfig: Orders
2025-04-01 14:15:23,368 - httpx - INFO - HTTP Request: POST https://api.notion.com/v1/databases/13e3a17e5d7f80da9a55e1a01feda7b3/query "HTTP/1.1 200 OK"
2025-04-01 14:15:27,405 - httpx - INFO - HTTP Request: POST https://api.notion.com/v1/databases/13e3a17e5d7f80da9a55e1a01feda7b3/query "HTTP/1.1 200 OK"
2025-04-01 14:15:30,136 - httpx - INFO - HTTP Request: POST https://api.notion.com/v1/databases/13e3a17e5d7f80da9a55e1a01feda7b3/query "HTTP/1.1 200 OK"
2025-04-01 14:15:30,159 - notion_sync - INFO - 📊 Fetched 271 records from Notion.
2025-04-01 14:15:30,164 - notion_sync - WARNING - ❌ Failed to sync record: 726
2025-04-01 14:15:30,164 - notion_sync - WARNING - list index out of range
2025-04-01 14:15:30,168 - notion_sync - INFO - ✅ Updated record: 1c73a17e-5d7f-8028-a1d7-c86ca57ec5fb
2025-04-01 14:15:30,171 - notion_sync - INFO - ✅ Updated record: 1c73a17e-5d7f-80a4-94d1-fb8ba9a1e51b
2025-04-01 14:15:30,173 - notion_sync - INFO - ✅ Updated record: 1c73a17e-5d7f-8010-a7a8-f0adb2245203
2025-04-01 14:15:30,176 - notion_sync - INFO - ✅ Updated record: 1c73a17e-5d7f-8040-a423-de1057f8a407
2025-04-01 14:15:30,178 - notion_sync - INFO - ✅ Updated record: 1c73a17e-5d7f-8093-894c-d03f36fca7bd
2025-04-01 14:15:30,180 - notion_sync - INFO - ✅ Updated record: 1c73a17e-5d7f-806d-ac7f-e38a0d8c5450
2025-04-01 14:15:30,183 - notion_sync - INFO - ✅ Updated record: 1c53a17e-5d7f-806b-9a6c-d52fba73327b
2025-04-01 14:15:30,186 - notion_sync - INFO - ✅ Updated record: 1c53a17e-5d7f-8015-912b-e1c6af4288bb
2025-04-01 14:15:30,188 - notion_sync - INFO - ✅ Updated record: 1c53a17e-5d7f-8050-8538-dda5756f484c
2025-04-01 14:15:30,190 - notion_sync - INFO - ✅ Updated record: 1c53a17e-5d7f-805c-b4e7-d2ba3ff97364
2025-04-01 14:15:30,192 - notion_sync - INFO - ✅ Updated record: 1c53a17e-5d7f-80eb-a401-ef43b9391bca
2025-04-01 14:15:30,195 - notion_sync - INFO - ✅ Updated record: 1c53a17e-5d7f-8029-9368-f10a67c2bbe2
2025-04-01 14:15:30,198 - notion_sync - INFO - ✅ Updated record: 1c43a17e-5d7f-802d-81ab-f30e125e540f
2025-04-01 14:15:30,200 - notion_sync - INFO - ✅ Updated record: 1c43a17e-5d7f-807a-b479-cd85b920cd8c
2025-04-01 14:15:30,203 - notion_sync - INFO - ✅ Updated record: 1c43a17e-5d7f-8016-8091-d25edde515e8
2025-04-01 14:15:30,206 - notion_sync - INFO - ✅ Updated record: 1c43a17e-5d7f-8049-a8a2-d619b8cff0dd
2025-04-01 14:15:30,208 - notion_sync - INFO - ✅ Updated record: 1c43a17e-5d7f-803d-bcb6-cd616f6404f4
2025-04-01 14:15:30,210 - notion_sync - INFO - ✅ Updated record: 1c43a17e-5d7f-80c0-b46d-ec5a36e9a94a
2025-04-01 14:15:30,212 - notion_sync - INFO - ✅ Updated record: 1c33a17e-5d7f-804b-bb17-e1348dace48c
2025-04-01 14:15:30,214 - notion_sync - INFO - ✅ Updated record: 1c33a17e-5d7f-8066-9c3e-ee2742e7d933
2025-04-01 14:15:30,216 - notion_sync - INFO - ✅ Updated record: 1c33a17e-5d7f-8050-95d8-ffbb5352141b
2025-04-01 14:15:30,218 - notion_sync - INFO - ✅ Updated record: 1c33a17e-5d7f-801a-b649-cbbfac327ef6
2025-04-01 14:15:30,220 - notion_sync - INFO - ✅ Updated record: 1c33a17e-5d7f-80a3-972d-e84d88a9608d
2025-04-01 14:15:30,222 - notion_sync - INFO - ✅ Updated record: 1c13a17e-5d7f-8027-8134-d2ad99daa093
2025-04-01 14:15:30,224 - notion_sync - INFO - ✅ Updated record: 1bc3a17e-5d7f-80c0-9623-c3fa2278c060
2025-04-01 14:15:30,226 - notion_sync - INFO - ✅ Updated record: 1bc3a17e-5d7f-80f2-91f0-ce03b030bbd6
2025-04-01 14:15:30,228 - notion_sync - INFO - ✅ Updated record: 1bc3a17e-5d7f-80da-8249-f940cd9a2834
2025-04-01 14:15:30,230 - notion_sync - INFO - ✅ Updated record: 1bc3a17e-5d7f-805a-8ea0-c903f17c646d
2025-04-01 14:15:30,232 - notion_sync - INFO - ✅ Updated record: 1bb3a17e-5d7f-8074-999d-e3a3e586ef58
2025-04-01 14:15:30,233 - notion_sync - INFO - ✅ Updated record: 1ba3a17e-5d7f-80ea-a492-eb62d693f692
2025-04-01 14:15:30,235 - notion_sync - INFO - ✅ Updated record: 1ba3a17e-5d7f-807c-b906-c5d1883f4048
2025-04-01 14:15:30,237 - notion_sync - INFO - ✅ Updated record: 1b93a17e-5d7f-8075-8d43-ddf68970ea9c
2025-04-01 14:15:30,239 - notion_sync - INFO - ✅ Updated record: 1b63a17e-5d7f-8066-a03b-eeb65ac73042
2025-04-01 14:15:30,241 - notion_sync - INFO - ✅ Updated record: 1b63a17e-5d7f-80f2-b7e4-ddd6e635f878
2025-04-01 14:15:30,244 - notion_sync - INFO - ✅ Updated record: 1b63a17e-5d7f-8017-acc6-e74a68e90a06
2025-04-01 14:15:30,246 - notion_sync - INFO - ✅ Updated record: 1b63a17e-5d7f-80fc-8479-e9f2a322f238
2025-04-01 14:15:30,248 - notion_sync - INFO - ✅ Updated record: 1b63a17e-5d7f-8027-a7cd-dc3403f9c6d4
2025-04-01 14:15:30,250 - notion_sync - INFO - ✅ Updated record: 1b63a17e-5d7f-8071-9f36-c0f4484b8a25
2025-04-01 14:15:30,252 - notion_sync - INFO - ✅ Updated record: 1b63a17e-5d7f-8049-954c-e72203e5cce6
2025-04-01 14:15:30,254 - notion_sync - INFO - ✅ Updated record: 1b63a17e-5d7f-8019-8139-cede031adf5a
2025-04-01 14:15:30,256 - notion_sync - INFO - ✅ Updated record: 1b63a17e-5d7f-80ef-9f1f-f09f46290c69
2025-04-01 14:15:30,258 - notion_sync - INFO - ✅ Updated record: 1b63a17e-5d7f-80ad-aefa-ce9cdff2faf5
2025-04-01 14:15:30,260 - notion_sync - INFO - ✅ Updated record: 1b63a17e-5d7f-80ee-b394-fb33d4ed0b94
2025-04-01 14:15:30,262 - notion_sync - INFO - ✅ Updated record: 1b63a17e-5d7f-80b2-9bbd-c2ad614a592a
2025-04-01 14:15:30,264 - notion_sync - INFO - ✅ Updated record: 1b63a17e-5d7f-8049-b92e-fed713eb9a7b
2025-04-01 14:15:30,266 - notion_sync - INFO - ✅ Updated record: 1b63a17e-5d7f-80bb-b421-d44abcf72331
2025-04-01 14:15:30,268 - notion_sync - INFO - ✅ Updated record: 1b63a17e-5d7f-80f2-b76a-f5dc95bdd526
2025-04-01 14:15:30,269 - notion_sync - INFO - ✅ Updated record: 1b63a17e-5d7f-8006-99db-cd12c8dbcebb
2025-04-01 14:15:30,271 - notion_sync - INFO - ✅ Updated record: 1b63a17e-5d7f-8059-8ee5-e1bb73166965
2025-04-01 14:15:30,273 - notion_sync - INFO - ✅ Updated record: 1b63a17e-5d7f-8041-95dd-eb21967c96cf
2025-04-01 14:15:30,274 - notion_sync - INFO - ✅ Updated record: 1b63a17e-5d7f-809a-b6e6-e95d1d0d6add
2025-04-01 14:15:30,276 - notion_sync - INFO - ✅ Updated record: 1b63a17e-5d7f-803e-8423-c97b96385575
2025-04-01 14:15:30,278 - notion_sync - INFO - ✅ Updated record: 1b63a17e-5d7f-80d9-b340-cc4d58b607f3
2025-04-01 14:15:30,280 - notion_sync - INFO - ✅ Updated record: 1b63a17e-5d7f-8052-bb5a-d79705b99b06
2025-04-01 14:15:30,281 - notion_sync - INFO - ✅ Updated record: 1b63a17e-5d7f-809a-86f0-c62944ac1511
2025-04-01 14:15:30,283 - notion_sync - INFO - ✅ Updated record: 1b63a17e-5d7f-80e5-8a5a-e8f80dac60b0
2025-04-01 14:15:30,285 - notion_sync - INFO - ✅ Updated record: 1b63a17e-5d7f-80ac-9d2d-fbf55140f32b
2025-04-01 14:15:30,287 - notion_sync - INFO - ✅ Updated record: 1b63a17e-5d7f-80ac-815b-f7823214a981
2025-04-01 14:15:30,288 - notion_sync - INFO - ✅ Updated record: 1b63a17e-5d7f-807c-b321-f2fb51a873a7
2025-04-01 14:15:30,290 - notion_sync - INFO - ✅ Updated record: 1b63a17e-5d7f-80b9-b5fe-f80cce946211
2025-04-01 14:15:30,292 - notion_sync - INFO - ✅ Updated record: 1b63a17e-5d7f-8064-b3c7-f5fd338a10b4
2025-04-01 14:15:30,294 - notion_sync - INFO - ✅ Updated record: 1b63a17e-5d7f-80ce-b28a-ea7d7d6fae34
2025-04-01 14:15:30,295 - notion_sync - INFO - ✅ Updated record: 1b63a17e-5d7f-804e-a1b0-d8ff466ac033
2025-04-01 14:15:30,297 - notion_sync - INFO - ✅ Updated record: 1b63a17e-5d7f-8011-94f4-de5f4ad957a6
2025-04-01 14:15:30,299 - notion_sync - INFO - ✅ Updated record: 1b63a17e-5d7f-8002-928a-d17cf7aa797e
2025-04-01 14:15:30,301 - notion_sync - INFO - ✅ Updated record: 1b63a17e-5d7f-8048-bca4-e16308967e87
2025-04-01 14:15:30,303 - notion_sync - INFO - ✅ Updated record: 1b63a17e-5d7f-809a-be83-eaa31978b53c
2025-04-01 14:15:30,305 - notion_sync - INFO - ✅ Updated record: 1b63a17e-5d7f-80a3-9cf5-e2c86ab2c1dc
2025-04-01 14:15:30,306 - notion_sync - INFO - ✅ Updated record: 1b63a17e-5d7f-808c-bf6c-e557429cd3fa
2025-04-01 14:15:30,308 - notion_sync - INFO - ✅ Updated record: 1b63a17e-5d7f-8013-a391-cf309de2acbf
2025-04-01 14:15:30,311 - notion_sync - INFO - ✅ Updated record: 1b63a17e-5d7f-8099-84dc-ff7ed07ab86a
2025-04-01 14:15:30,312 - notion_sync - INFO - ✅ Updated record: 1b63a17e-5d7f-80d2-a70a-f02c0f898130
2025-04-01 14:15:30,314 - notion_sync - INFO - ✅ Updated record: 1b53a17e-5d7f-80d3-9a22-ce21ea9991ac
2025-04-01 14:15:30,316 - notion_sync - INFO - ✅ Updated record: 1b43a17e-5d7f-802e-8d97-d7e48eff6920
2025-04-01 14:15:30,318 - notion_sync - INFO - ✅ Updated record: 1b43a17e-5d7f-80b8-bcf6-d75d63226283
2025-04-01 14:15:30,320 - notion_sync - INFO - ✅ Updated record: 1b43a17e-5d7f-8027-b589-e0feb1868630
2025-04-01 14:15:30,322 - notion_sync - INFO - ✅ Updated record: 1b43a17e-5d7f-8067-b512-d636eef5afbc
2025-04-01 14:15:30,324 - notion_sync - INFO - ✅ Updated record: 1b43a17e-5d7f-8000-997d-ff573d3fc084
2025-04-01 14:15:30,327 - notion_sync - INFO - ✅ Updated record: 1b43a17e-5d7f-807a-b58b-f02a73676898
2025-04-01 14:15:30,329 - notion_sync - INFO - ✅ Updated record: 1b43a17e-5d7f-8050-96db-f13b4a08d9ba
2025-04-01 14:15:30,331 - notion_sync - INFO - ✅ Updated record: 1b43a17e-5d7f-8092-bc8f-fc7cc417b65f
2025-04-01 14:15:30,334 - notion_sync - INFO - ✅ Updated record: 1b43a17e-5d7f-8062-98b5-e5b149d427dd
2025-04-01 14:15:30,336 - notion_sync - INFO - ✅ Updated record: 1b43a17e-5d7f-80ac-b1ce-ffa842491cdd
2025-04-01 14:15:30,338 - notion_sync - INFO - ✅ Updated record: 1b43a17e-5d7f-804c-9120-ca920375c32a
2025-04-01 14:15:30,341 - notion_sync - INFO - ✅ Updated record: 1b43a17e-5d7f-800d-bc17-f2d0608aaca2
2025-04-01 14:15:30,343 - notion_sync - INFO - ✅ Updated record: 1b43a17e-5d7f-80b3-8831-fdbe0345e3dd
2025-04-01 14:15:30,345 - notion_sync - INFO - ✅ Updated record: 1b43a17e-5d7f-80c3-80bf-f28237a56a19
2025-04-01 14:15:30,348 - notion_sync - INFO - ✅ Updated record: 1b43a17e-5d7f-8023-aab5-d8b284de438c
2025-04-01 14:15:30,350 - notion_sync - INFO - ✅ Updated record: 1b43a17e-5d7f-80f1-9660-df816a2f0497
2025-04-01 14:15:30,353 - notion_sync - INFO - ✅ Updated record: 1b43a17e-5d7f-80b5-b8be-d7cb059d0693
2025-04-01 14:15:30,356 - notion_sync - INFO - ✅ Updated record: 1b33a17e-5d7f-8034-9b8c-e452b8ef3ff8
2025-04-01 14:15:30,358 - notion_sync - INFO - ✅ Updated record: 1b33a17e-5d7f-8013-a39d-fb9661ddd6c1
2025-04-01 14:15:30,360 - notion_sync - INFO - ✅ Updated record: 1b33a17e-5d7f-80d1-af63-cbd124db871e
2025-04-01 14:15:30,363 - notion_sync - INFO - ✅ Updated record: 1af3a17e-5d7f-80af-b8e1-d87b8bba6211
2025-04-01 14:15:30,365 - notion_sync - INFO - ✅ Updated record: 1ae3a17e-5d7f-80b6-b6d2-eced4f4304e7
2025-04-01 14:15:30,368 - notion_sync - INFO - ✅ Updated record: 1ac3a17e-5d7f-80e6-8d49-d924e9cdc271
2025-04-01 14:15:30,370 - notion_sync - INFO - ✅ Updated record: 1ac3a17e-5d7f-80b9-ac96-cedaed4fdc51
2025-04-01 14:15:30,373 - notion_sync - INFO - ✅ Updated record: 1ac3a17e-5d7f-80a0-a166-e7be626d5304
2025-04-01 14:15:30,375 - notion_sync - INFO - ✅ Updated record: 1ac3a17e-5d7f-80cc-82cb-e614f79c35f9
2025-04-01 14:15:30,378 - notion_sync - INFO - ✅ Updated record: 1ac3a17e-5d7f-80da-9492-f5e155a1f1a8
2025-04-01 14:15:30,380 - notion_sync - INFO - ✅ Updated record: 1ab3a17e-5d7f-8047-afb8-d78a01192770
2025-04-01 14:15:30,383 - notion_sync - INFO - ✅ Updated record: 1ab3a17e-5d7f-803b-8219-e3ea012b71d7
2025-04-01 14:15:30,385 - notion_sync - INFO - ✅ Updated record: 1aa3a17e-5d7f-8066-a7c1-de84a825eb4f
2025-04-01 14:15:30,388 - notion_sync - INFO - ✅ Updated record: 1a83a17e-5d7f-8020-9f52-e70e38c309f0
2025-04-01 14:15:30,391 - notion_sync - INFO - ✅ Updated record: 1a63a17e-5d7f-8061-b106-c5adc9700d53
2025-04-01 14:15:30,394 - notion_sync - INFO - ✅ Updated record: 1a53a17e-5d7f-8073-8a29-fcd26026ee90
2025-04-01 14:15:30,396 - notion_sync - INFO - ✅ Updated record: 1a43a17e-5d7f-8088-ab45-c32cc951d7e9
2025-04-01 14:15:30,399 - notion_sync - INFO - ✅ Updated record: 1a43a17e-5d7f-8032-8611-c64a62253e6f
2025-04-01 14:15:30,402 - notion_sync - INFO - ✅ Updated record: 1a43a17e-5d7f-80bd-8bd8-e4c23cc5e48d
2025-04-01 14:15:30,405 - notion_sync - INFO - ✅ Updated record: 1a43a17e-5d7f-80ea-8733-d4bfc66036ab
2025-04-01 14:15:30,407 - notion_sync - INFO - ✅ Updated record: 1a13a17e-5d7f-80e5-aaac-c374c57612ff
2025-04-01 14:15:30,409 - notion_sync - INFO - ✅ Updated record: 1a13a17e-5d7f-80c8-805e-c14481b15bc3
2025-04-01 14:15:30,412 - notion_sync - INFO - ✅ Updated record: 1a13a17e-5d7f-800e-a53c-d746e978dd55
2025-04-01 14:15:30,415 - notion_sync - INFO - ✅ Updated record: 1a03a17e-5d7f-80ca-a7ce-fa8698fd1371
2025-04-01 14:15:30,417 - notion_sync - INFO - ✅ Updated record: 19f3a17e-5d7f-8007-a9b4-dbabfbd7441e
2025-04-01 14:15:30,420 - notion_sync - INFO - ✅ Updated record: 19e3a17e-5d7f-808b-baaa-f670d5f36344
2025-04-01 14:15:30,423 - notion_sync - INFO - ✅ Updated record: 19e3a17e-5d7f-8067-897d-c4dc63d21c43
2025-04-01 14:15:30,425 - notion_sync - INFO - ✅ Updated record: 19e3a17e-5d7f-8058-a629-d9c711cdacd2
2025-04-01 14:15:30,427 - notion_sync - INFO - ✅ Updated record: 19d3a17e-5d7f-8016-a6e3-ea9bc7434880
2025-04-01 14:15:30,430 - notion_sync - INFO - ✅ Updated record: 1993a17e-5d7f-8012-8e16-e817fa7a7dd1
2025-04-01 14:15:30,433 - notion_sync - INFO - ✅ Updated record: 1983a17e-5d7f-803e-9f68-c1dc8502a98b
2025-04-01 14:15:30,436 - notion_sync - INFO - ✅ Updated record: 1983a17e-5d7f-8095-ad40-ff852e0d3309
2025-04-01 14:15:30,438 - notion_sync - INFO - ✅ Updated record: 1983a17e-5d7f-80bb-a336-de8fdc85f9b8
2025-04-01 14:15:30,441 - notion_sync - INFO - ✅ Updated record: 1983a17e-5d7f-8058-ac3e-e269888fb6f3
2025-04-01 14:15:30,444 - notion_sync - INFO - ✅ Updated record: 1983a17e-5d7f-801a-a4e5-f26aa69a34ac
2025-04-01 14:15:30,447 - notion_sync - INFO - ✅ Updated record: 1983a17e-5d7f-8012-81f6-c1fbe4474007
2025-04-01 14:15:30,449 - notion_sync - INFO - ✅ Updated record: 1983a17e-5d7f-80c6-a0e4-e2d0070dd4ad
2025-04-01 14:15:30,451 - notion_sync - INFO - ✅ Updated record: 1983a17e-5d7f-80ea-a90b-c47991b77ac7
2025-04-01 14:15:30,454 - notion_sync - INFO - ✅ Updated record: 1983a17e-5d7f-80bb-b4d8-f1b2e4fa2a92
2025-04-01 14:15:30,456 - notion_sync - INFO - ✅ Updated record: 1983a17e-5d7f-80e6-adf1-cb0fb484d9cf
2025-04-01 14:15:30,459 - notion_sync - INFO - ✅ Updated record: 1983a17e-5d7f-8050-a578-e774ed89ec8c
2025-04-01 14:15:30,462 - notion_sync - INFO - ✅ Updated record: 1983a17e-5d7f-803d-a6ea-decab8891a2a
2025-04-01 14:15:30,464 - notion_sync - INFO - ✅ Updated record: 1983a17e-5d7f-8043-8561-f7c9a74c7b4c
2025-04-01 14:15:30,467 - notion_sync - INFO - ✅ Updated record: 1983a17e-5d7f-80bd-a263-c8a6aea681d6
2025-04-01 14:15:30,470 - notion_sync - INFO - ✅ Updated record: 1983a17e-5d7f-80b1-93ca-eae073725c19
2025-04-01 14:15:30,472 - notion_sync - INFO - ✅ Updated record: 1983a17e-5d7f-8063-b88c-f110c860b502
2025-04-01 14:15:30,473 - notion_sync - INFO - ✅ Updated record: 1983a17e-5d7f-8088-8648-ea3eb51a17a4
2025-04-01 14:15:30,476 - notion_sync - INFO - ✅ Updated record: 1983a17e-5d7f-8069-93ff-c4557cb3d89c
2025-04-01 14:15:30,477 - notion_sync - INFO - ✅ Updated record: 1983a17e-5d7f-8008-862d-fcb3b7f93a52
2025-04-01 14:15:30,480 - notion_sync - INFO - ✅ Updated record: 1983a17e-5d7f-808e-a0ec-d9375e17e9c1
2025-04-01 14:15:30,482 - notion_sync - INFO - ✅ Updated record: 1983a17e-5d7f-80f7-b372-ee970f8c8930
2025-04-01 14:15:30,485 - notion_sync - INFO - ✅ Updated record: 1983a17e-5d7f-8098-b27a-d80c68ca43e3
2025-04-01 14:15:30,487 - notion_sync - INFO - ✅ Updated record: 1983a17e-5d7f-808e-96a7-cfafeb0459cf
2025-04-01 14:15:30,490 - notion_sync - INFO - ✅ Updated record: 1983a17e-5d7f-8094-9b17-ee0a1853d576
2025-04-01 14:15:30,493 - notion_sync - INFO - ✅ Updated record: 1983a17e-5d7f-80c2-a419-e98ed1dd53a1
2025-04-01 14:15:30,495 - notion_sync - INFO - ✅ Updated record: 1983a17e-5d7f-800a-858e-f03de7b8a350
2025-04-01 14:15:30,497 - notion_sync - INFO - ✅ Updated record: 1983a17e-5d7f-8038-a4dc-ee1248ee090b
2025-04-01 14:15:30,500 - notion_sync - INFO - ✅ Updated record: 1983a17e-5d7f-80a8-a8db-d45ed3c79633
2025-04-01 14:15:30,502 - notion_sync - INFO - ✅ Updated record: 1983a17e-5d7f-8091-a81b-fc545af1991d
2025-04-01 14:15:30,504 - notion_sync - INFO - ✅ Updated record: 1983a17e-5d7f-80b4-851a-cfd1ece9cf54
2025-04-01 14:15:30,506 - notion_sync - INFO - ✅ Updated record: 1983a17e-5d7f-804c-9ab7-d3be1f71c39d
2025-04-01 14:15:30,509 - notion_sync - INFO - ✅ Updated record: 1983a17e-5d7f-8058-b538-d3ac09e07559
2025-04-01 14:15:30,511 - notion_sync - INFO - ✅ Updated record: 1983a17e-5d7f-806d-84ae-de81281b6779
2025-04-01 14:15:30,513 - notion_sync - INFO - ✅ Updated record: 1973a17e-5d7f-802f-99d4-d1fe9fddd989
2025-04-01 14:15:30,515 - notion_sync - INFO - ✅ Updated record: 1973a17e-5d7f-8054-b9a0-f8bad9f6df0a
2025-04-01 14:15:30,517 - notion_sync - INFO - ✅ Updated record: 1973a17e-5d7f-8018-a162-ca32639e5727
2025-04-01 14:15:30,519 - notion_sync - INFO - ✅ Updated record: 1973a17e-5d7f-80f5-8c45-e0afff814348
2025-04-01 14:15:30,521 - notion_sync - INFO - ✅ Updated record: 1973a17e-5d7f-80d1-a6f3-f1664a9757bd
2025-04-01 14:15:30,523 - notion_sync - INFO - ✅ Updated record: 1973a17e-5d7f-80c2-b5a0-d774c894f38e
2025-04-01 14:15:30,525 - notion_sync - INFO - ✅ Updated record: 1973a17e-5d7f-8021-8309-f234fe68ff2f
2025-04-01 14:15:30,528 - notion_sync - INFO - ✅ Updated record: 1973a17e-5d7f-80e6-9975-c298370ea6d7
2025-04-01 14:15:30,529 - notion_sync - INFO - ✅ Updated record: 1973a17e-5d7f-80bf-b203-d6a31cee7ce6
2025-04-01 14:15:30,532 - notion_sync - INFO - ✅ Updated record: 1973a17e-5d7f-801e-b787-cbffad2b9743
2025-04-01 14:15:30,533 - notion_sync - INFO - ✅ Updated record: 1973a17e-5d7f-8044-9fa1-cec2b7d249fd
2025-04-01 14:15:30,535 - notion_sync - INFO - ✅ Updated record: 1973a17e-5d7f-800a-b5e1-d2b967bbff55
2025-04-01 14:15:30,537 - notion_sync - INFO - ✅ Updated record: 1973a17e-5d7f-8068-a314-d9fa1ed39907
2025-04-01 14:15:30,540 - notion_sync - INFO - ✅ Updated record: 1973a17e-5d7f-80a1-a829-eba44d3b90d8
2025-04-01 14:15:30,541 - notion_sync - INFO - ✅ Updated record: 1963a17e-5d7f-8053-82d0-e2b181312493
2025-04-01 14:15:30,544 - notion_sync - INFO - ✅ Updated record: 1963a17e-5d7f-80d1-993d-e8894534fec6
2025-04-01 14:15:30,546 - notion_sync - INFO - ✅ Updated record: 1943a17e-5d7f-804a-9546-dd82ee1bf728
2025-04-01 14:15:30,548 - notion_sync - INFO - ✅ Updated record: d44443c0-37a0-477a-b5ec-da72c073dd6e
2025-04-01 14:15:30,550 - notion_sync - INFO - ✅ Updated record: 1923a17e-5d7f-80c8-b48d-f04d74f6733b
2025-04-01 14:15:30,552 - notion_sync - INFO - ✅ Updated record: b5cb80bc-ecb9-4494-b022-8b48d9f2cd7e
2025-04-01 14:15:30,554 - notion_sync - INFO - ✅ Updated record: 1923a17e-5d7f-8051-bf0e-f46cf8d8cf00
2025-04-01 14:15:30,556 - notion_sync - INFO - ✅ Updated record: 1903a17e-5d7f-8054-927c-da808bb43252
2025-04-01 14:15:30,558 - notion_sync - INFO - ✅ Updated record: 1903a17e-5d7f-808b-ba30-e3fea2199371
2025-04-01 14:15:30,560 - notion_sync - INFO - ✅ Updated record: 1903a17e-5d7f-8022-a227-d0dc4b11f1f1
2025-04-01 14:15:30,562 - notion_sync - INFO - ✅ Updated record: 1903a17e-5d7f-808c-8331-d7e881d97c57
2025-04-01 14:15:30,564 - notion_sync - INFO - ✅ Updated record: 1903a17e-5d7f-80ac-8b4f-d12236a8ebab
2025-04-01 14:15:30,566 - notion_sync - INFO - ✅ Updated record: 1903a17e-5d7f-80fe-8101-c8ef6f1217a5
2025-04-01 14:15:30,568 - notion_sync - INFO - ✅ Updated record: 1903a17e-5d7f-8004-b0dd-d94fdc32eeba
2025-04-01 14:15:30,570 - notion_sync - INFO - ✅ Updated record: 1903a17e-5d7f-80ac-9faa-e0949069e14e
2025-04-01 14:15:30,571 - notion_sync - INFO - ✅ Updated record: 1903a17e-5d7f-8059-9c69-e9c8ef2548ff
2025-04-01 14:15:30,573 - notion_sync - INFO - ✅ Updated record: 1903a17e-5d7f-80d9-af14-ea1307434e5e
2025-04-01 14:15:30,575 - notion_sync - INFO - ✅ Updated record: 1903a17e-5d7f-80ee-bf56-c1416f528edd
2025-04-01 14:15:30,577 - notion_sync - INFO - ✅ Updated record: 1903a17e-5d7f-805e-b86e-f5c9db24afa9
2025-04-01 14:15:30,579 - notion_sync - INFO - ✅ Updated record: 1903a17e-5d7f-8066-8283-d061d4b57690
2025-04-01 14:15:30,580 - notion_sync - INFO - ✅ Updated record: 1903a17e-5d7f-8006-bc4e-f2a371b37b31
2025-04-01 14:15:30,582 - notion_sync - INFO - ✅ Updated record: 1903a17e-5d7f-8000-8584-eb5868fff93f
2025-04-01 14:15:30,585 - notion_sync - INFO - ✅ Updated record: 1903a17e-5d7f-8085-af0c-d239fd5725a8
2025-04-01 14:15:30,587 - notion_sync - INFO - ✅ Updated record: 1903a17e-5d7f-8053-8fad-ed86d5c795f6
2025-04-01 14:15:30,588 - notion_sync - INFO - ✅ Updated record: 1903a17e-5d7f-804e-9c6f-f7af4c43f2d9
2025-04-01 14:15:30,590 - notion_sync - INFO - ✅ Updated record: 1903a17e-5d7f-80e5-9029-eebd8a9b0aac
2025-04-01 14:15:30,592 - notion_sync - INFO - ✅ Updated record: 1903a17e-5d7f-8017-b38a-ff2b3238acf1
2025-04-01 14:15:30,594 - notion_sync - INFO - ✅ Updated record: 1903a17e-5d7f-80c9-b42c-d59fcfefa02b
2025-04-01 14:15:30,596 - notion_sync - INFO - ✅ Updated record: 1903a17e-5d7f-8025-a23a-ca8b4add650e
2025-04-01 14:15:30,597 - notion_sync - INFO - ✅ Updated record: 1903a17e-5d7f-80a0-8e2d-c13d6771da26
2025-04-01 14:15:30,599 - notion_sync - INFO - ✅ Updated record: 1903a17e-5d7f-81fe-9328-e2baa136ebf6
2025-04-01 14:15:30,601 - notion_sync - INFO - ✅ Updated record: 1903a17e-5d7f-81f9-9fcf-c3b76ee9d4b6
2025-04-01 14:15:30,603 - notion_sync - INFO - ✅ Updated record: 1903a17e-5d7f-81d0-a495-db5aa728313d
2025-04-01 14:15:30,605 - notion_sync - INFO - ✅ Updated record: 1903a17e-5d7f-812a-96a4-da155531ef7e
2025-04-01 14:15:30,606 - notion_sync - INFO - ✅ Updated record: 1903a17e-5d7f-81a9-86e5-e46cc2cff610
2025-04-01 14:15:30,608 - notion_sync - INFO - ✅ Updated record: 1903a17e-5d7f-81f8-ac3f-c71b911c95ec
2025-04-01 14:15:30,610 - notion_sync - INFO - ✅ Updated record: 1903a17e-5d7f-81a3-8fdb-d31942636693
2025-04-01 14:15:30,611 - notion_sync - INFO - ✅ Updated record: 1903a17e-5d7f-81ec-a337-fa525304c7c8
2025-04-01 14:15:30,613 - notion_sync - INFO - ✅ Updated record: 1903a17e-5d7f-819f-8642-eec2ca332cd9
2025-04-01 14:15:30,614 - notion_sync - INFO - ✅ Updated record: 1903a17e-5d7f-8120-a6ed-fa603db5b0bb
2025-04-01 14:15:30,616 - notion_sync - INFO - ✅ Updated record: 1903a17e-5d7f-812e-978a-ce370e855346
2025-04-01 14:15:30,618 - notion_sync - INFO - ✅ Updated record: 1903a17e-5d7f-8168-8cca-e1c5d83699c8
2025-04-01 14:15:30,619 - notion_sync - INFO - ✅ Updated record: 1903a17e-5d7f-81e4-8409-ff5d5303c565
2025-04-01 14:15:30,621 - notion_sync - INFO - ✅ Updated record: 1903a17e-5d7f-81f9-923e-f3ac1e2e53f3
2025-04-01 14:15:30,622 - notion_sync - INFO - ✅ Updated record: 1903a17e-5d7f-8195-a1eb-f76020f679ad
2025-04-01 14:15:30,624 - notion_sync - INFO - ✅ Updated record: 1903a17e-5d7f-8137-a7b3-d504d20fa0d6
2025-04-01 14:15:30,626 - notion_sync - INFO - ✅ Updated record: 1903a17e-5d7f-81fe-b346-e6c53b455ca9
2025-04-01 14:15:30,628 - notion_sync - INFO - ✅ Updated record: 1903a17e-5d7f-815c-bdd3-fcb2536dfaf0
2025-04-01 14:15:30,629 - notion_sync - INFO - ✅ Updated record: 1903a17e-5d7f-818f-b394-d3d88c7f7b42
2025-04-01 14:15:30,631 - notion_sync - INFO - ✅ Updated record: 1903a17e-5d7f-8173-95ae-fc940d7bdd58
2025-04-01 14:15:30,632 - notion_sync - INFO - ✅ Updated record: 1903a17e-5d7f-8129-a890-dc8d1729b360
2025-04-01 14:15:30,634 - notion_sync - INFO - ✅ Updated record: 1903a17e-5d7f-81b4-bd97-d8a54e93b3e8
2025-04-01 14:15:30,635 - notion_sync - INFO - ✅ Updated record: 1903a17e-5d7f-817f-9ff3-d442e16ac391
2025-04-01 14:15:30,637 - notion_sync - INFO - ✅ Updated record: 1903a17e-5d7f-818a-9204-c60bfdfcbd1b
2025-04-01 14:15:30,639 - notion_sync - INFO - ✅ Updated record: 1903a17e-5d7f-8185-89a5-e6150fda8734
2025-04-01 14:15:30,640 - notion_sync - INFO - ✅ Updated record: 1903a17e-5d7f-81ca-a1cb-ea1555b3b73e
2025-04-01 14:15:30,642 - notion_sync - INFO - ✅ Updated record: 1903a17e-5d7f-8180-abfb-cdcc299b6f70
2025-04-01 14:15:30,644 - notion_sync - INFO - ✅ Updated record: 1903a17e-5d7f-8193-a29d-d303c4cb89c9
2025-04-01 14:15:30,646 - notion_sync - INFO - ✅ Updated record: 1903a17e-5d7f-81ad-aeee-dd2e11052974
2025-04-01 14:15:30,648 - notion_sync - INFO - ✅ Updated record: 1903a17e-5d7f-81a8-a457-d72800c9a301
2025-04-01 14:15:30,650 - notion_sync - INFO - ✅ Updated record: 1903a17e-5d7f-812a-8887-c37f9cc96a54
2025-04-01 14:15:30,651 - notion_sync - INFO - ✅ Updated record: 1903a17e-5d7f-81ba-ab5f-c095592abaab
2025-04-01 14:15:30,653 - notion_sync - INFO - ✅ Updated record: 1903a17e-5d7f-81c8-b6d1-e9a7d943c79c
2025-04-01 14:15:30,654 - notion_sync - INFO - ✅ Updated record: 1903a17e-5d7f-81d6-9eba-ed0eb816b77a
2025-04-01 14:15:30,656 - notion_sync - INFO - ✅ Updated record: 1903a17e-5d7f-81f0-b064-cc64cf9b2fa3
2025-04-01 14:15:30,658 - notion_sync - INFO - ✅ Updated record: 1903a17e-5d7f-81e0-8926-c822df89cc34
2025-04-01 14:15:30,660 - notion_sync - INFO - ✅ Updated record: 1903a17e-5d7f-814d-9999-d06b9dd1725e
2025-04-01 14:15:30,662 - notion_sync - INFO - ✅ Updated record: 1903a17e-5d7f-8120-8057-c1c3b641708d
2025-04-01 14:15:30,664 - notion_sync - INFO - ✅ Updated record: 1903a17e-5d7f-8177-823c-d1f5d7f0596b
2025-04-01 14:15:30,665 - notion_sync - INFO - ✅ Updated record: 1903a17e-5d7f-81bb-8dd4-ecbc321f0389
2025-04-01 14:15:30,667 - notion_sync - INFO - ✅ Updated record: 1903a17e-5d7f-8150-99a4-dbf03747d992
2025-04-01 14:15:30,668 - notion_sync - INFO - ✅ Updated record: 1903a17e-5d7f-81de-a89f-e3a1c201ddd4
2025-04-01 14:15:30,670 - notion_sync - INFO - ✅ Updated record: 1903a17e-5d7f-81ba-85e6-f8c6e2940cfa
2025-04-01 14:15:30,672 - notion_sync - INFO - ✅ Updated record: 1903a17e-5d7f-812c-bc4d-d2bbeb8d5221
2025-04-01 14:15:30,673 - notion_sync - INFO - ✅ Updated record: 1903a17e-5d7f-81cb-9607-f622f2871d46
2025-04-01 14:15:30,675 - notion_sync - INFO - ✅ Updated record: 1903a17e-5d7f-8102-ba91-de9162d08600
2025-04-01 14:15:30,677 - notion_sync - INFO - ✅ Updated record: 1903a17e-5d7f-81ce-ae4a-dd563abbd1a9
2025-04-01 14:15:30,678 - notion_sync - INFO - ✅ Updated record: 1903a17e-5d7f-810a-bbac-ef8e35ab6ef6
2025-04-01 14:15:30,680 - notion_sync - INFO - ✅ Updated record: 1903a17e-5d7f-81ac-9b6d-d6ccb22e6958
2025-04-01 14:15:30,681 - notion_sync - INFO - ✅ Updated record: 1903a17e-5d7f-815e-9c3d-f1a662d72f73
2025-04-01 14:15:30,683 - notion_sync - INFO - ✅ Updated record: 1903a17e-5d7f-819b-94af-dabcc7465f78
2025-04-01 14:15:30,685 - notion_sync - INFO - ✅ Updated record: 1903a17e-5d7f-81ed-8d1b-f6659a69ef03
2025-04-01 14:15:30,686 - notion_sync - INFO - ✅ Updated record: 1903a17e-5d7f-812f-97bc-e00ee28ead5e
2025-04-01 14:15:30,688 - notion_sync - INFO - ✅ Updated record: 1903a17e-5d7f-81d8-ae9a-fbd03b6d84e4
2025-04-01 14:15:30,690 - notion_sync - INFO - ✅ Updated record: 1903a17e-5d7f-8196-907f-f2b6320a2ae6
2025-04-01 14:15:30,691 - notion_sync - INFO - ✅ Updated record: 1903a17e-5d7f-814f-99a6-e375b0e674f7
2025-04-01 14:15:30,693 - notion_sync - INFO - ✅ Updated record: 1903a17e-5d7f-8141-8881-e2b598a68fd0
2025-04-01 14:15:30,695 - notion_sync - INFO - ✅ Updated record: 1903a17e-5d7f-81a8-94cc-d89278501f58
2025-04-01 14:15:30,696 - notion_sync - INFO - ✅ Updated record: 1903a17e-5d7f-810e-b321-e26f0557e740
2025-04-01 14:15:30,698 - notion_sync - INFO - ✅ Updated record: 1903a17e-5d7f-8195-b7f1-ca5240be5294
2025-04-01 14:15:30,699 - notion_sync - INFO - ✅ Updated record: 1903a17e-5d7f-813d-8e20-f35ba6f2c213
2025-04-01 14:15:30,701 - notion_sync - INFO - ✅ Updated record: 1903a17e-5d7f-81cd-b855-f26dce2f8223
2025-04-01 14:15:30,703 - notion_sync - INFO - ✅ Updated record: 1903a17e-5d7f-8189-bfef-d527b9662c34
2025-04-01 14:15:30,704 - notion_sync - INFO - ✅ Updated record: 1903a17e-5d7f-812e-8541-fc8d8af5529f
2025-04-01 14:15:30,707 - notion_sync - INFO - ✅ Updated record: 18e3a17e-5d7f-802f-bc0a-ffdff97c0ca8
2025-04-01 14:15:30,708 - notion_sync - INFO - ✅ Updated record: 18e3a17e-5d7f-80aa-9562-cf733c086d3e
2025-04-01 14:15:30,710 - notion_sync - INFO - ✅ Updated record: 18e3a17e-5d7f-80de-98ba-eaf5aa62f28c
2025-04-01 14:15:30,712 - notion_sync - INFO - ✅ Updated record: 1813a17e-5d7f-8001-88d5-ecbdf5b7ef0e
2025-04-01 14:15:30,714 - notion_sync - INFO - ✅ Updated record: 1813a17e-5d7f-80b6-a411-f687c20a4e9c
2025-04-01 14:15:30,716 - notion_sync - INFO - ✅ Updated record: 1813a17e-5d7f-8003-82e5-f66dcba6cee4
2025-04-01 14:15:30,717 - notion_sync - INFO - ✅ Updated record: 1813a17e-5d7f-8094-b2a4-c81181e18a9d
2025-04-01 14:15:30,719 - notion_sync - INFO - ✅ Updated record: 1813a17e-5d7f-8062-aa0b-f0c6ac4972bf
2025-04-01 14:15:30,721 - notion_sync - INFO - ✅ Updated record: 1813a17e-5d7f-804c-a02f-cd4ace126cd7
2025-04-01 14:15:30,721 - notion_sync - INFO - Sync completed. 270/271 records synced.
2025-04-01 14:15:30,723 - nontion_sync.tasks - INFO - ✅ Sync result for 13e3a17e5d7f80da9a55e1a01feda7b3: Sync completed. 270/271 records synced.
2025-04-01 14:15:30,724 - nontion_sync.tasks - INFO - Processing NotionDbConfig: hz2
2025-04-01 14:15:31,527 - httpx - INFO - HTTP Request: POST https://api.notion.com/v1/databases/1733a17e5d7f8009bbf6d7c68b1cacf1/query "HTTP/1.1 200 OK"
2025-04-01 14:15:31,872 - httpx - INFO - HTTP Request: POST https://api.notion.com/v1/databases/1733a17e5d7f8009bbf6d7c68b1cacf1/query "HTTP/1.1 200 OK"
2025-04-01 14:15:32,369 - httpx - INFO - HTTP Request: PATCH https://api.notion.com/v1/pages/1c73a17e-5d7f-8116-8951-c948fd0b5726 "HTTP/1.1 200 OK"
2025-04-01 14:15:32,369 - notion_sync - INFO - Updated record with service_id: FC-500
2025-04-01 14:15:32,690 - httpx - INFO - HTTP Request: POST https://api.notion.com/v1/databases/1733a17e5d7f8009bbf6d7c68b1cacf1/query "HTTP/1.1 200 OK"
2025-04-01 14:15:34,189 - httpx - INFO - HTTP Request: PATCH https://api.notion.com/v1/pages/1903a17e-5d7f-8102-9394-c6854445aae5 "HTTP/1.1 200 OK"
2025-04-01 14:15:34,190 - notion_sync - INFO - Updated record with service_id: FC-495
2025-04-01 14:15:36,805 - httpx - INFO - HTTP Request: POST https://api.notion.com/v1/databases/1733a17e5d7f8009bbf6d7c68b1cacf1/query "HTTP/1.1 200 OK"
2025-04-01 14:15:37,881 - httpx - INFO - HTTP Request: PATCH https://api.notion.com/v1/pages/1903a17e-5d7f-810c-94e3-e77811421c39 "HTTP/1.1 200 OK"
2025-04-01 14:15:37,882 - notion_sync - INFO - Updated record with service_id: FC-106
2025-04-01 14:15:40,073 - httpx - INFO - HTTP Request: POST https://api.notion.com/v1/databases/1733a17e5d7f8009bbf6d7c68b1cacf1/query "HTTP/1.1 200 OK"
2025-04-01 14:15:40,977 - httpx - INFO - HTTP Request: PATCH https://api.notion.com/v1/pages/1903a17e-5d7f-8161-aa74-e82ea2af3b70 "HTTP/1.1 200 OK"
2025-04-01 14:15:40,978 - notion_sync - INFO - Updated record with service_id: FC-104
2025-04-01 14:15:41,600 - httpx - INFO - HTTP Request: POST https://api.notion.com/v1/databases/1733a17e5d7f8009bbf6d7c68b1cacf1/query "HTTP/1.1 200 OK"
2025-04-01 14:15:42,071 - httpx - INFO - HTTP Request: PATCH https://api.notion.com/v1/pages/1903a17e-5d7f-8198-ba7b-d33e44ad16e0 "HTTP/1.1 200 OK"
2025-04-01 14:15:42,072 - notion_sync - INFO - Updated record with service_id: FC-499
2025-04-01 14:15:42,897 - httpx - INFO - HTTP Request: POST https://api.notion.com/v1/databases/1733a17e5d7f8009bbf6d7c68b1cacf1/query "HTTP/1.1 200 OK"
2025-04-01 14:15:43,708 - httpx - INFO - HTTP Request: PATCH https://api.notion.com/v1/pages/18f3a17e-5d7f-81b2-8c14-f90f37045dc0 "HTTP/1.1 200 OK"
2025-04-01 14:15:43,709 - notion_sync - INFO - Updated record with service_id: FC-115
2025-04-01 14:15:44,009 - httpx - INFO - HTTP Request: POST https://api.notion.com/v1/databases/1733a17e5d7f8009bbf6d7c68b1cacf1/query "HTTP/1.1 200 OK"
2025-04-01 14:15:46,596 - httpx - INFO - HTTP Request: PATCH https://api.notion.com/v1/pages/1a43a17e-5d7f-81bb-8546-c51bcd613eff "HTTP/1.1 200 OK"
2025-04-01 14:15:46,597 - notion_sync - INFO - Updated record with service_id: FC-105
2025-04-01 14:15:47,658 - httpx - INFO - HTTP Request: POST https://api.notion.com/v1/databases/1733a17e5d7f8009bbf6d7c68b1cacf1/query "HTTP/1.1 200 OK"
2025-04-01 14:15:48,729 - httpx - INFO - HTTP Request: PATCH https://api.notion.com/v1/pages/18f3a17e-5d7f-81b1-b8f1-dcdb843afc41 "HTTP/1.1 200 OK"
2025-04-01 14:15:48,730 - notion_sync - INFO - Updated record with service_id: FC-114
2025-04-01 14:15:49,041 - httpx - INFO - HTTP Request: POST https://api.notion.com/v1/databases/1733a17e5d7f8009bbf6d7c68b1cacf1/query "HTTP/1.1 200 OK"
2025-04-01 14:15:49,592 - httpx - INFO - HTTP Request: PATCH https://api.notion.com/v1/pages/1823a17e-5d7f-81eb-b604-d3d58cb94755 "HTTP/1.1 200 OK"
2025-04-01 14:15:49,593 - notion_sync - INFO - Updated record with service_id: FC-497
2025-04-01 14:15:51,362 - httpx - INFO - HTTP Request: POST https://api.notion.com/v1/databases/1733a17e5d7f8009bbf6d7c68b1cacf1/query "HTTP/1.1 200 OK"
2025-04-01 14:15:51,884 - httpx - INFO - HTTP Request: PATCH https://api.notion.com/v1/pages/1a73a17e-5d7f-8153-b777-e1fee098139d "HTTP/1.1 200 OK"
2025-04-01 14:15:51,885 - notion_sync - INFO - Updated record with service_id:  FC-658
2025-04-01 14:15:52,178 - httpx - INFO - HTTP Request: POST https://api.notion.com/v1/databases/1733a17e5d7f8009bbf6d7c68b1cacf1/query "HTTP/1.1 200 OK"
2025-04-01 14:15:54,601 - httpx - INFO - HTTP Request: PATCH https://api.notion.com/v1/pages/1ac3a17e-5d7f-810d-94dc-ea5728503ae3 "HTTP/1.1 200 OK"
2025-04-01 14:15:54,601 - notion_sync - INFO - Updated record with service_id: FC-600
2025-04-01 14:15:54,898 - httpx - INFO - HTTP Request: POST https://api.notion.com/v1/databases/1733a17e5d7f8009bbf6d7c68b1cacf1/query "HTTP/1.1 200 OK"
2025-04-01 14:15:56,049 - httpx - INFO - HTTP Request: PATCH https://api.notion.com/v1/pages/17c3a17e-5d7f-8174-87bb-f1435784f24e "HTTP/1.1 200 OK"
2025-04-01 14:15:56,050 - notion_sync - INFO - Updated record with service_id: FC-601
2025-04-01 14:15:56,050 - notion_sync - INFO - ✅ Successfully synced 12 records.
2025-04-01 14:15:56,051 - nontion_sync.tasks - INFO - ✅ Sync result for 1733a17e5d7f8009bbf6d7c68b1cacf1: Sync completed. 12 records synced.
2025-04-01 14:15:56,055 - nontion_sync.tasks - INFO - Processing NotionDbConfig: hz3
2025-04-01 14:15:58,503 - httpx - INFO - HTTP Request: POST https://api.notion.com/v1/databases/1743a17e5d7f80daa1e2c6c5c7cc979c/query "HTTP/1.1 200 OK"
2025-04-01 14:15:59,081 - httpx - INFO - HTTP Request: POST https://api.notion.com/v1/databases/1743a17e5d7f80daa1e2c6c5c7cc979c/query "HTTP/1.1 200 OK"
2025-04-01 14:16:01,943 - httpx - INFO - HTTP Request: PATCH https://api.notion.com/v1/pages/1903a17e-5d7f-81d8-a333-c11e402f0f93 "HTTP/1.1 200 OK"
2025-04-01 14:16:01,943 - notion_sync - INFO - Updated record with responsible: Vert
2025-04-01 14:16:02,245 - httpx - INFO - HTTP Request: POST https://api.notion.com/v1/databases/1743a17e5d7f80daa1e2c6c5c7cc979c/query "HTTP/1.1 200 OK"
2025-04-01 14:16:04,398 - httpx - INFO - HTTP Request: PATCH https://api.notion.com/v1/pages/18f3a17e-5d7f-8191-824f-d2db8bac0faf "HTTP/1.1 200 OK"
2025-04-01 14:16:04,405 - notion_sync - INFO - Updated record with responsible: Degtaria
2025-04-01 14:16:04,809 - httpx - INFO - HTTP Request: POST https://api.notion.com/v1/databases/1743a17e5d7f80daa1e2c6c5c7cc979c/query "HTTP/1.1 200 OK"
2025-04-01 14:16:05,365 - httpx - INFO - HTTP Request: PATCH https://api.notion.com/v1/pages/1a83a17e-5d7f-814c-b373-c574ae4d9568 "HTTP/1.1 200 OK"
2025-04-01 14:16:05,366 - notion_sync - INFO - Updated record with responsible: Pulse
2025-04-01 14:16:06,593 - httpx - INFO - HTTP Request: POST https://api.notion.com/v1/databases/1743a17e5d7f80daa1e2c6c5c7cc979c/query "HTTP/1.1 200 OK"
2025-04-01 14:16:12,732 - httpx - INFO - HTTP Request: PATCH https://api.notion.com/v1/pages/1903a17e-5d7f-813a-a52b-cb68bae468a6 "HTTP/1.1 200 OK"
2025-04-01 14:16:12,733 - notion_sync - INFO - Updated record with responsible: Voice
2025-04-01 14:16:13,061 - httpx - INFO - HTTP Request: POST https://api.notion.com/v1/databases/1743a17e5d7f80daa1e2c6c5c7cc979c/query "HTTP/1.1 200 OK"
2025-04-01 14:16:16,827 - httpx - INFO - HTTP Request: PATCH https://api.notion.com/v1/pages/18f3a17e-5d7f-811c-b48b-e983a15a1d80 "HTTP/1.1 200 OK"
2025-04-01 14:16:16,829 - notion_sync - INFO - Updated record with responsible: Sense
2025-04-01 14:16:18,031 - httpx - INFO - HTTP Request: POST https://api.notion.com/v1/databases/1743a17e5d7f80daa1e2c6c5c7cc979c/query "HTTP/1.1 200 OK"
2025-04-01 14:16:19,074 - httpx - INFO - HTTP Request: PATCH https://api.notion.com/v1/pages/1903a17e-5d7f-81c3-81e2-ea78f2415343 "HTTP/1.1 200 OK"
2025-04-01 14:16:19,075 - notion_sync - INFO - Updated record with responsible: Lunna
2025-04-01 14:16:19,657 - httpx - INFO - HTTP Request: POST https://api.notion.com/v1/databases/1743a17e5d7f80daa1e2c6c5c7cc979c/query "HTTP/1.1 200 OK"
2025-04-01 14:16:20,944 - httpx - INFO - HTTP Request: PATCH https://api.notion.com/v1/pages/1903a17e-5d7f-81d2-afb8-e742409d5f9b "HTTP/1.1 200 OK"
2025-04-01 14:16:20,945 - notion_sync - INFO - Updated record with responsible: Ernesto
2025-04-01 14:16:22,407 - httpx - INFO - HTTP Request: POST https://api.notion.com/v1/databases/1743a17e5d7f80daa1e2c6c5c7cc979c/query "HTTP/1.1 200 OK"
2025-04-01 14:16:24,196 - httpx - INFO - HTTP Request: PATCH https://api.notion.com/v1/pages/1a83a17e-5d7f-81ba-90ca-e092b3effdc8 "HTTP/1.1 200 OK"
2025-04-01 14:16:24,196 - notion_sync - INFO - Updated record with responsible: Seraphina
2025-04-01 14:16:26,272 - httpx - INFO - HTTP Request: POST https://api.notion.com/v1/databases/1743a17e5d7f80daa1e2c6c5c7cc979c/query "HTTP/1.1 200 OK"
2025-04-01 14:16:26,834 - httpx - INFO - HTTP Request: PATCH https://api.notion.com/v1/pages/1903a17e-5d7f-8196-a34f-db80acdd8316 "HTTP/1.1 200 OK"
2025-04-01 14:16:26,835 - notion_sync - INFO - Updated record with responsible: Stamford
2025-04-01 14:16:27,646 - httpx - INFO - HTTP Request: POST https://api.notion.com/v1/databases/1743a17e5d7f80daa1e2c6c5c7cc979c/query "HTTP/1.1 200 OK"
2025-04-01 14:16:28,365 - httpx - INFO - HTTP Request: PATCH https://api.notion.com/v1/pages/1743a17e-5d7f-819a-b15a-c2abc5fcfe2d "HTTP/1.1 200 OK"
2025-04-01 14:16:28,366 - notion_sync - INFO - Updated record with responsible: Insomnia
2025-04-01 14:16:28,366 - notion_sync - INFO - ✅ Successfully synced 10 records.
2025-04-01 14:16:28,366 - nontion_sync.tasks - INFO - ✅ Sync result for 1743a17e5d7f80daa1e2c6c5c7cc979c: Sync completed. 10 records synced.
2025-04-01 14:16:28,371 - nontion_sync.tasks - INFO - Processing NotionDbConfig: hz biz unit
2025-04-01 14:16:29,198 - httpx - INFO - HTTP Request: POST https://api.notion.com/v1/databases/1743a17e5d7f801b8009d5b5788e8c00/query "HTTP/1.1 200 OK"
2025-04-01 14:16:29,518 - httpx - INFO - HTTP Request: POST https://api.notion.com/v1/databases/1743a17e5d7f801b8009d5b5788e8c00/query "HTTP/1.1 200 OK"
2025-04-01 14:16:30,860 - httpx - INFO - HTTP Request: PATCH https://api.notion.com/v1/pages/17b3a17e-5d7f-8198-92a6-d6f85d5a9618 "HTTP/1.1 200 OK"
2025-04-01 14:16:30,861 - notion_sync - INFO - Updated record for BU ID: 1
2025-04-01 14:16:31,793 - httpx - INFO - HTTP Request: POST https://api.notion.com/v1/databases/1743a17e5d7f801b8009d5b5788e8c00/query "HTTP/1.1 200 OK"
2025-04-01 14:16:32,568 - httpx - INFO - HTTP Request: PATCH https://api.notion.com/v1/pages/1903a17e-5d7f-8154-a3eb-d1551daa5591 "HTTP/1.1 200 OK"
2025-04-01 14:16:32,569 - notion_sync - INFO - Updated record for BU ID: 10
2025-04-01 14:16:34,734 - httpx - INFO - HTTP Request: POST https://api.notion.com/v1/databases/1743a17e5d7f801b8009d5b5788e8c00/query "HTTP/1.1 200 OK"
2025-04-01 14:16:39,747 - httpx - INFO - HTTP Request: PATCH https://api.notion.com/v1/pages/1903a17e-5d7f-810b-9b11-d00dbfd2d931 "HTTP/1.1 200 OK"
2025-04-01 14:16:39,747 - notion_sync - INFO - Updated record for BU ID: 28
2025-04-01 14:16:40,820 - httpx - INFO - HTTP Request: POST https://api.notion.com/v1/databases/1743a17e5d7f801b8009d5b5788e8c00/query "HTTP/1.1 200 OK"
2025-04-01 14:16:41,522 - httpx - INFO - HTTP Request: PATCH https://api.notion.com/v1/pages/1903a17e-5d7f-812f-943d-fde3f687b0da "HTTP/1.1 200 OK"
2025-04-01 14:16:41,523 - notion_sync - INFO - Updated record for BU ID: 8
2025-04-01 14:16:41,877 - httpx - INFO - HTTP Request: POST https://api.notion.com/v1/databases/1743a17e5d7f801b8009d5b5788e8c00/query "HTTP/1.1 200 OK"
2025-04-01 14:16:42,728 - httpx - INFO - HTTP Request: PATCH https://api.notion.com/v1/pages/18f3a17e-5d7f-81a6-b9e4-e738edb55c92 "HTTP/1.1 200 OK"
2025-04-01 14:16:42,729 - notion_sync - INFO - Updated record for BU ID: 5
2025-04-01 14:16:43,652 - httpx - INFO - HTTP Request: POST https://api.notion.com/v1/databases/1743a17e5d7f801b8009d5b5788e8c00/query "HTTP/1.1 200 OK"
2025-04-01 14:16:44,398 - httpx - INFO - HTTP Request: PATCH https://api.notion.com/v1/pages/1c73a17e-5d7f-810a-86df-e58f36ff1776 "HTTP/1.1 200 OK"
2025-04-01 14:16:44,399 - notion_sync - INFO - Updated record for BU ID: 39
2025-04-01 14:16:44,760 - httpx - INFO - HTTP Request: POST https://api.notion.com/v1/databases/1743a17e5d7f801b8009d5b5788e8c00/query "HTTP/1.1 200 OK"
2025-04-01 14:16:45,210 - httpx - INFO - HTTP Request: PATCH https://api.notion.com/v1/pages/18f3a17e-5d7f-8140-a2de-d181712696df "HTTP/1.1 200 OK"
2025-04-01 14:16:45,211 - notion_sync - INFO - Updated record for BU ID: 22
2025-04-01 14:16:45,505 - httpx - INFO - HTTP Request: POST https://api.notion.com/v1/databases/1743a17e5d7f801b8009d5b5788e8c00/query "HTTP/1.1 200 OK"
2025-04-01 14:16:45,951 - httpx - INFO - HTTP Request: PATCH https://api.notion.com/v1/pages/1903a17e-5d7f-81f2-9d1c-ffd87fff0bd3 "HTTP/1.1 200 OK"
2025-04-01 14:16:45,952 - notion_sync - INFO - Updated record for BU ID: 15
2025-04-01 14:16:46,368 - httpx - INFO - HTTP Request: POST https://api.notion.com/v1/databases/1743a17e5d7f801b8009d5b5788e8c00/query "HTTP/1.1 200 OK"
2025-04-01 14:16:46,863 - httpx - INFO - HTTP Request: PATCH https://api.notion.com/v1/pages/1903a17e-5d7f-81d3-94a3-ef681a4602b6 "HTTP/1.1 200 OK"
2025-04-01 14:16:46,864 - notion_sync - INFO - Updated record for BU ID: 3
2025-04-01 14:16:47,170 - httpx - INFO - HTTP Request: POST https://api.notion.com/v1/databases/1743a17e5d7f801b8009d5b5788e8c00/query "HTTP/1.1 200 OK"
2025-04-01 14:16:48,347 - httpx - INFO - HTTP Request: PATCH https://api.notion.com/v1/pages/1903a17e-5d7f-81af-85d2-d240d1abc9f2 "HTTP/1.1 200 OK"
2025-04-01 14:16:48,348 - notion_sync - INFO - Updated record for BU ID: 16
2025-04-01 14:16:50,159 - httpx - INFO - HTTP Request: POST https://api.notion.com/v1/databases/1743a17e5d7f801b8009d5b5788e8c00/query "HTTP/1.1 200 OK"
2025-04-01 14:16:50,669 - httpx - INFO - HTTP Request: PATCH https://api.notion.com/v1/pages/1823a17e-5d7f-81db-9f53-dc6702a54080 "HTTP/1.1 200 OK"
2025-04-01 14:16:50,670 - notion_sync - INFO - Updated record for BU ID: 14
2025-04-01 14:16:51,526 - httpx - INFO - HTTP Request: POST https://api.notion.com/v1/databases/1743a17e5d7f801b8009d5b5788e8c00/query "HTTP/1.1 200 OK"
2025-04-01 14:16:56,725 - httpx - INFO - HTTP Request: PATCH https://api.notion.com/v1/pages/1903a17e-5d7f-8196-8dab-e0e49e8bbd9b "HTTP/1.1 200 OK"
2025-04-01 14:16:56,726 - notion_sync - INFO - Updated record for BU ID: 4
2025-04-01 14:16:57,006 - httpx - INFO - HTTP Request: POST https://api.notion.com/v1/databases/1743a17e5d7f801b8009d5b5788e8c00/query "HTTP/1.1 200 OK"
2025-04-01 14:16:58,639 - httpx - INFO - HTTP Request: PATCH https://api.notion.com/v1/pages/1823a17e-5d7f-81df-9aa1-d09ad76b45da "HTTP/1.1 200 OK"
2025-04-01 14:16:58,639 - notion_sync - INFO - Updated record for BU ID: 7
2025-04-01 14:16:58,945 - httpx - INFO - HTTP Request: POST https://api.notion.com/v1/databases/1743a17e5d7f801b8009d5b5788e8c00/query "HTTP/1.1 200 OK"
2025-04-01 14:16:59,353 - httpx - INFO - HTTP Request: PATCH https://api.notion.com/v1/pages/1903a17e-5d7f-81d9-907a-ff3fc7b5a829 "HTTP/1.1 200 OK"
2025-04-01 14:16:59,354 - notion_sync - INFO - Updated record for BU ID: 25
2025-04-01 14:17:00,294 - httpx - INFO - HTTP Request: POST https://api.notion.com/v1/databases/1743a17e5d7f801b8009d5b5788e8c00/query "HTTP/1.1 200 OK"
2025-04-01 14:17:01,091 - httpx - INFO - HTTP Request: PATCH https://api.notion.com/v1/pages/19e3a17e-5d7f-812a-bf02-f0bba658a9bc "HTTP/1.1 200 OK"
2025-04-01 14:17:01,092 - notion_sync - INFO - Updated record for BU ID: 41
2025-04-01 14:17:01,409 - httpx - INFO - HTTP Request: POST https://api.notion.com/v1/databases/1743a17e5d7f801b8009d5b5788e8c00/query "HTTP/1.1 200 OK"
2025-04-01 14:17:02,078 - httpx - INFO - HTTP Request: PATCH https://api.notion.com/v1/pages/1c73a17e-5d7f-81d9-a2cf-cc3cfd519ee2 "HTTP/1.1 200 OK"
2025-04-01 14:17:02,079 - notion_sync - INFO - Updated record for BU ID: 40
2025-04-01 14:17:04,165 - httpx - INFO - HTTP Request: POST https://api.notion.com/v1/databases/1743a17e5d7f801b8009d5b5788e8c00/query "HTTP/1.1 200 OK"
2025-04-01 14:17:10,855 - httpx - INFO - HTTP Request: PATCH https://api.notion.com/v1/pages/1903a17e-5d7f-819b-97e8-d950584a7c44 "HTTP/1.1 200 OK"
2025-04-01 14:17:10,856 - notion_sync - INFO - Updated record for BU ID: 34
2025-04-01 14:17:11,790 - httpx - INFO - HTTP Request: POST https://api.notion.com/v1/databases/1743a17e5d7f801b8009d5b5788e8c00/query "HTTP/1.1 200 OK"
2025-04-01 14:17:12,398 - httpx - INFO - HTTP Request: PATCH https://api.notion.com/v1/pages/1903a17e-5d7f-811e-afb4-dd6263bdfbc7 "HTTP/1.1 200 OK"
2025-04-01 14:17:12,398 - notion_sync - INFO - Updated record for BU ID: 35
2025-04-01 14:17:12,730 - httpx - INFO - HTTP Request: POST https://api.notion.com/v1/databases/1743a17e5d7f801b8009d5b5788e8c00/query "HTTP/1.1 200 OK"
2025-04-01 14:17:13,543 - httpx - INFO - HTTP Request: PATCH https://api.notion.com/v1/pages/1903a17e-5d7f-8165-bd55-e3c5ea540d8a "HTTP/1.1 200 OK"
2025-04-01 14:17:13,546 - notion_sync - INFO - Updated record for BU ID: 24
2025-04-01 14:17:14,296 - httpx - INFO - HTTP Request: POST https://api.notion.com/v1/databases/1743a17e5d7f801b8009d5b5788e8c00/query "HTTP/1.1 200 OK"
2025-04-01 14:17:14,816 - httpx - INFO - HTTP Request: PATCH https://api.notion.com/v1/pages/17b3a17e-5d7f-8146-8225-c04d29adec7a "HTTP/1.1 200 OK"
2025-04-01 14:17:14,817 - notion_sync - INFO - Updated record for BU ID: 6
2025-04-01 14:17:15,130 - httpx - INFO - HTTP Request: POST https://api.notion.com/v1/databases/1743a17e5d7f801b8009d5b5788e8c00/query "HTTP/1.1 200 OK"
2025-04-01 14:17:15,649 - httpx - INFO - HTTP Request: PATCH https://api.notion.com/v1/pages/1823a17e-5d7f-812f-9fb3-d5216b78589a "HTTP/1.1 200 OK"
2025-04-01 14:17:15,650 - notion_sync - INFO - Updated record for BU ID: 17
2025-04-01 14:17:15,925 - httpx - INFO - HTTP Request: POST https://api.notion.com/v1/databases/1743a17e5d7f801b8009d5b5788e8c00/query "HTTP/1.1 200 OK"
2025-04-01 14:17:20,490 - httpx - INFO - HTTP Request: PATCH https://api.notion.com/v1/pages/18f3a17e-5d7f-81af-87c1-c5878383233f "HTTP/1.1 200 OK"
2025-04-01 14:17:20,491 - notion_sync - INFO - Updated record for BU ID: 2
2025-04-01 14:17:20,491 - notion_sync - INFO - ✅ Successfully synced 22 records.
2025-04-01 14:17:20,491 - nontion_sync.tasks - INFO - ✅ Sync result for 1743a17e5d7f801b8009d5b5788e8c00: Sync completed. 22 records synced.
2025-04-01 14:17:20,496 - nontion_sync.tasks - INFO - Processing NotionDbConfig: hzdb
2025-04-01 14:17:23,856 - httpx - INFO - HTTP Request: POST https://api.notion.com/v1/databases/1313a17e5d7f81be9daec933d18a74ed/query "HTTP/1.1 200 OK"
2025-04-01 14:17:27,223 - httpx - INFO - HTTP Request: POST https://api.notion.com/v1/databases/1313a17e5d7f81be9daec933d18a74ed/query "HTTP/1.1 200 OK"
2025-04-01 14:17:30,035 - httpx - INFO - HTTP Request: POST https://api.notion.com/v1/databases/1313a17e5d7f81be9daec933d18a74ed/query "HTTP/1.1 200 OK"
2025-04-01 14:17:40,942 - httpx - INFO - HTTP Request: POST https://api.notion.com/v1/databases/1313a17e5d7f81be9daec933d18a74ed/query "HTTP/1.1 200 OK"
2025-04-01 14:17:44,146 - httpx - INFO - HTTP Request: POST https://api.notion.com/v1/databases/1313a17e5d7f81be9daec933d18a74ed/query "HTTP/1.1 200 OK"
2025-04-01 14:17:48,733 - httpx - INFO - HTTP Request: POST https://api.notion.com/v1/databases/1313a17e5d7f81be9daec933d18a74ed/query "HTTP/1.1 200 OK"
2025-04-01 14:17:53,510 - httpx - INFO - HTTP Request: POST https://api.notion.com/v1/databases/1313a17e5d7f81be9daec933d18a74ed/query "HTTP/1.1 200 OK"
2025-04-01 14:17:57,005 - httpx - INFO - HTTP Request: POST https://api.notion.com/v1/databases/1313a17e5d7f81be9daec933d18a74ed/query "HTTP/1.1 200 OK"
2025-04-01 14:18:00,264 - httpx - INFO - HTTP Request: POST https://api.notion.com/v1/databases/1313a17e5d7f81be9daec933d18a74ed/query "HTTP/1.1 200 OK"
2025-04-01 14:18:05,286 - httpx - INFO - HTTP Request: POST https://api.notion.com/v1/databases/1313a17e5d7f81be9daec933d18a74ed/query "HTTP/1.1 200 OK"
2025-04-01 14:18:08,109 - nontion_sync.tasks - INFO - Processing NotionDbConfig: Orders
2025-04-01 14:18:10,328 - httpx - INFO - HTTP Request: POST https://api.notion.com/v1/databases/1313a17e5d7f81be9daec933d18a74ed/query "HTTP/1.1 200 OK"
2025-04-01 14:18:13,786 - httpx - INFO - HTTP Request: POST https://api.notion.com/v1/databases/1313a17e5d7f81be9daec933d18a74ed/query "HTTP/1.1 200 OK"
2025-04-01 14:18:14,061 - httpx - INFO - HTTP Request: POST https://api.notion.com/v1/databases/13e3a17e5d7f80da9a55e1a01feda7b3/query "HTTP/1.1 200 OK"
2025-04-01 14:18:17,178 - httpx - INFO - HTTP Request: POST https://api.notion.com/v1/databases/1313a17e5d7f81be9daec933d18a74ed/query "HTTP/1.1 200 OK"
2025-04-01 14:18:17,757 - httpx - INFO - HTTP Request: POST https://api.notion.com/v1/databases/13e3a17e5d7f80da9a55e1a01feda7b3/query "HTTP/1.1 200 OK"
2025-04-01 14:18:18,422 - httpx - INFO - HTTP Request: POST https://api.notion.com/v1/databases/1313a17e5d7f81be9daec933d18a74ed/query "HTTP/1.1 200 OK"
2025-04-01 14:18:18,485 - notion_sync - INFO - Number of project tasks: 1336
2025-04-01 14:18:20,282 - httpx - INFO - HTTP Request: POST https://api.notion.com/v1/databases/13e3a17e5d7f804b893df6008ef0f629/query "HTTP/1.1 200 OK"
2025-04-01 14:18:21,627 - httpx - INFO - HTTP Request: POST https://api.notion.com/v1/databases/13e3a17e5d7f80da9a55e1a01feda7b3/query "HTTP/1.1 200 OK"
2025-04-01 14:18:21,652 - notion_sync - INFO - 📊 Fetched 271 records from Notion.
2025-04-01 14:18:21,657 - notion_sync - WARNING - ❌ Failed to sync record: 726
2025-04-01 14:18:21,657 - notion_sync - WARNING - list index out of range
2025-04-01 14:18:21,660 - notion_sync - INFO - ✅ Updated record: 1c73a17e-5d7f-8028-a1d7-c86ca57ec5fb
2025-04-01 14:18:21,662 - notion_sync - INFO - ✅ Updated record: 1c73a17e-5d7f-80a4-94d1-fb8ba9a1e51b
2025-04-01 14:18:21,664 - notion_sync - INFO - ✅ Updated record: 1c73a17e-5d7f-8010-a7a8-f0adb2245203
2025-04-01 14:18:21,666 - notion_sync - INFO - ✅ Updated record: 1c73a17e-5d7f-8040-a423-de1057f8a407
2025-04-01 14:18:21,669 - notion_sync - INFO - ✅ Updated record: 1c73a17e-5d7f-8093-894c-d03f36fca7bd
2025-04-01 14:18:21,671 - notion_sync - INFO - ✅ Updated record: 1c73a17e-5d7f-806d-ac7f-e38a0d8c5450
2025-04-01 14:18:21,674 - notion_sync - INFO - ✅ Updated record: 1c53a17e-5d7f-806b-9a6c-d52fba73327b
2025-04-01 14:18:21,677 - notion_sync - INFO - ✅ Updated record: 1c53a17e-5d7f-8015-912b-e1c6af4288bb
2025-04-01 14:18:21,679 - notion_sync - INFO - ✅ Updated record: 1c53a17e-5d7f-8050-8538-dda5756f484c
2025-04-01 14:18:21,682 - notion_sync - INFO - ✅ Updated record: 1c53a17e-5d7f-805c-b4e7-d2ba3ff97364
2025-04-01 14:18:21,684 - notion_sync - INFO - ✅ Updated record: 1c53a17e-5d7f-80eb-a401-ef43b9391bca
2025-04-01 14:18:21,687 - notion_sync - INFO - ✅ Updated record: 1c53a17e-5d7f-8029-9368-f10a67c2bbe2
2025-04-01 14:18:21,689 - notion_sync - INFO - ✅ Updated record: 1c43a17e-5d7f-802d-81ab-f30e125e540f
2025-04-01 14:18:21,691 - notion_sync - INFO - ✅ Updated record: 1c43a17e-5d7f-807a-b479-cd85b920cd8c
2025-04-01 14:18:21,693 - notion_sync - INFO - ✅ Updated record: 1c43a17e-5d7f-8016-8091-d25edde515e8
2025-04-01 14:18:21,696 - notion_sync - INFO - ✅ Updated record: 1c43a17e-5d7f-8049-a8a2-d619b8cff0dd
2025-04-01 14:18:21,698 - notion_sync - INFO - ✅ Updated record: 1c43a17e-5d7f-803d-bcb6-cd616f6404f4
2025-04-01 14:18:21,701 - notion_sync - INFO - ✅ Updated record: 1c43a17e-5d7f-80c0-b46d-ec5a36e9a94a
2025-04-01 14:18:21,703 - notion_sync - INFO - ✅ Updated record: 1c33a17e-5d7f-804b-bb17-e1348dace48c
2025-04-01 14:18:21,706 - notion_sync - INFO - ✅ Updated record: 1c33a17e-5d7f-8066-9c3e-ee2742e7d933
2025-04-01 14:18:21,708 - notion_sync - INFO - ✅ Updated record: 1c33a17e-5d7f-8050-95d8-ffbb5352141b
2025-04-01 14:18:21,711 - notion_sync - INFO - ✅ Updated record: 1c33a17e-5d7f-801a-b649-cbbfac327ef6
2025-04-01 14:18:21,713 - notion_sync - INFO - ✅ Updated record: 1c33a17e-5d7f-80a3-972d-e84d88a9608d
2025-04-01 14:18:21,715 - notion_sync - INFO - ✅ Updated record: 1c13a17e-5d7f-8027-8134-d2ad99daa093
2025-04-01 14:18:21,718 - notion_sync - INFO - ✅ Updated record: 1bc3a17e-5d7f-80c0-9623-c3fa2278c060
2025-04-01 14:18:21,720 - notion_sync - INFO - ✅ Updated record: 1bc3a17e-5d7f-80f2-91f0-ce03b030bbd6
2025-04-01 14:18:21,723 - notion_sync - INFO - ✅ Updated record: 1bc3a17e-5d7f-80da-8249-f940cd9a2834
2025-04-01 14:18:21,725 - notion_sync - INFO - ✅ Updated record: 1bc3a17e-5d7f-805a-8ea0-c903f17c646d
2025-04-01 14:18:21,727 - notion_sync - INFO - ✅ Updated record: 1bb3a17e-5d7f-8074-999d-e3a3e586ef58
2025-04-01 14:18:21,730 - notion_sync - INFO - ✅ Updated record: 1ba3a17e-5d7f-80ea-a492-eb62d693f692
2025-04-01 14:18:21,732 - notion_sync - INFO - ✅ Updated record: 1ba3a17e-5d7f-807c-b906-c5d1883f4048
2025-04-01 14:18:21,735 - notion_sync - INFO - ✅ Updated record: 1b93a17e-5d7f-8075-8d43-ddf68970ea9c
2025-04-01 14:18:21,738 - notion_sync - INFO - ✅ Updated record: 1b63a17e-5d7f-8066-a03b-eeb65ac73042
2025-04-01 14:18:21,740 - notion_sync - INFO - ✅ Updated record: 1b63a17e-5d7f-80f2-b7e4-ddd6e635f878
2025-04-01 14:18:21,743 - notion_sync - INFO - ✅ Updated record: 1b63a17e-5d7f-8017-acc6-e74a68e90a06
2025-04-01 14:18:21,745 - notion_sync - INFO - ✅ Updated record: 1b63a17e-5d7f-80fc-8479-e9f2a322f238
2025-04-01 14:18:21,747 - notion_sync - INFO - ✅ Updated record: 1b63a17e-5d7f-8027-a7cd-dc3403f9c6d4
2025-04-01 14:18:21,750 - notion_sync - INFO - ✅ Updated record: 1b63a17e-5d7f-8071-9f36-c0f4484b8a25
2025-04-01 14:18:21,752 - notion_sync - INFO - ✅ Updated record: 1b63a17e-5d7f-8049-954c-e72203e5cce6
2025-04-01 14:18:21,754 - notion_sync - INFO - ✅ Updated record: 1b63a17e-5d7f-8019-8139-cede031adf5a
2025-04-01 14:18:21,757 - notion_sync - INFO - ✅ Updated record: 1b63a17e-5d7f-80ef-9f1f-f09f46290c69
2025-04-01 14:18:21,759 - notion_sync - INFO - ✅ Updated record: 1b63a17e-5d7f-80ad-aefa-ce9cdff2faf5
2025-04-01 14:18:21,761 - notion_sync - INFO - ✅ Updated record: 1b63a17e-5d7f-80ee-b394-fb33d4ed0b94
2025-04-01 14:18:21,764 - notion_sync - INFO - ✅ Updated record: 1b63a17e-5d7f-80b2-9bbd-c2ad614a592a
2025-04-01 14:18:21,766 - notion_sync - INFO - ✅ Updated record: 1b63a17e-5d7f-8049-b92e-fed713eb9a7b
2025-04-01 14:18:21,768 - notion_sync - INFO - ✅ Updated record: 1b63a17e-5d7f-80bb-b421-d44abcf72331
2025-04-01 14:18:21,771 - notion_sync - INFO - ✅ Updated record: 1b63a17e-5d7f-80f2-b76a-f5dc95bdd526
2025-04-01 14:18:21,773 - notion_sync - INFO - ✅ Updated record: 1b63a17e-5d7f-8006-99db-cd12c8dbcebb
2025-04-01 14:18:21,776 - notion_sync - INFO - ✅ Updated record: 1b63a17e-5d7f-8059-8ee5-e1bb73166965
2025-04-01 14:18:21,778 - notion_sync - INFO - ✅ Updated record: 1b63a17e-5d7f-8041-95dd-eb21967c96cf
2025-04-01 14:18:21,781 - notion_sync - INFO - ✅ Updated record: 1b63a17e-5d7f-809a-b6e6-e95d1d0d6add
2025-04-01 14:18:21,783 - notion_sync - INFO - ✅ Updated record: 1b63a17e-5d7f-803e-8423-c97b96385575
2025-04-01 14:18:21,785 - notion_sync - INFO - ✅ Updated record: 1b63a17e-5d7f-80d9-b340-cc4d58b607f3
2025-04-01 14:18:21,788 - notion_sync - INFO - ✅ Updated record: 1b63a17e-5d7f-8052-bb5a-d79705b99b06
2025-04-01 14:18:21,790 - notion_sync - INFO - ✅ Updated record: 1b63a17e-5d7f-809a-86f0-c62944ac1511
2025-04-01 14:18:21,793 - notion_sync - INFO - ✅ Updated record: 1b63a17e-5d7f-80e5-8a5a-e8f80dac60b0
2025-04-01 14:18:21,795 - notion_sync - INFO - ✅ Updated record: 1b63a17e-5d7f-80ac-9d2d-fbf55140f32b
2025-04-01 14:18:21,798 - notion_sync - INFO - ✅ Updated record: 1b63a17e-5d7f-80ac-815b-f7823214a981
2025-04-01 14:18:21,801 - notion_sync - INFO - ✅ Updated record: 1b63a17e-5d7f-807c-b321-f2fb51a873a7
2025-04-01 14:18:21,803 - notion_sync - INFO - ✅ Updated record: 1b63a17e-5d7f-80b9-b5fe-f80cce946211
2025-04-01 14:18:21,806 - notion_sync - INFO - ✅ Updated record: 1b63a17e-5d7f-8064-b3c7-f5fd338a10b4
2025-04-01 14:18:21,808 - notion_sync - INFO - ✅ Updated record: 1b63a17e-5d7f-80ce-b28a-ea7d7d6fae34
2025-04-01 14:18:21,810 - notion_sync - INFO - ✅ Updated record: 1b63a17e-5d7f-804e-a1b0-d8ff466ac033
2025-04-01 14:18:21,813 - notion_sync - INFO - ✅ Updated record: 1b63a17e-5d7f-8011-94f4-de5f4ad957a6
2025-04-01 14:18:21,815 - notion_sync - INFO - ✅ Updated record: 1b63a17e-5d7f-8002-928a-d17cf7aa797e
2025-04-01 14:18:21,818 - notion_sync - INFO - ✅ Updated record: 1b63a17e-5d7f-8048-bca4-e16308967e87
2025-04-01 14:18:21,820 - notion_sync - INFO - ✅ Updated record: 1b63a17e-5d7f-809a-be83-eaa31978b53c
2025-04-01 14:18:21,823 - notion_sync - INFO - ✅ Updated record: 1b63a17e-5d7f-80a3-9cf5-e2c86ab2c1dc
2025-04-01 14:18:21,825 - notion_sync - INFO - ✅ Updated record: 1b63a17e-5d7f-808c-bf6c-e557429cd3fa
2025-04-01 14:18:21,827 - notion_sync - INFO - ✅ Updated record: 1b63a17e-5d7f-8013-a391-cf309de2acbf
2025-04-01 14:18:21,830 - notion_sync - INFO - ✅ Updated record: 1b63a17e-5d7f-8099-84dc-ff7ed07ab86a
2025-04-01 14:18:21,833 - notion_sync - INFO - ✅ Updated record: 1b63a17e-5d7f-80d2-a70a-f02c0f898130
2025-04-01 14:18:21,835 - notion_sync - INFO - ✅ Updated record: 1b53a17e-5d7f-80d3-9a22-ce21ea9991ac
2025-04-01 14:18:21,838 - notion_sync - INFO - ✅ Updated record: 1b43a17e-5d7f-802e-8d97-d7e48eff6920
2025-04-01 14:18:21,840 - notion_sync - INFO - ✅ Updated record: 1b43a17e-5d7f-80b8-bcf6-d75d63226283
2025-04-01 14:18:21,843 - notion_sync - INFO - ✅ Updated record: 1b43a17e-5d7f-8027-b589-e0feb1868630
2025-04-01 14:18:21,845 - notion_sync - INFO - ✅ Updated record: 1b43a17e-5d7f-8067-b512-d636eef5afbc
2025-04-01 14:18:21,848 - notion_sync - INFO - ✅ Updated record: 1b43a17e-5d7f-8000-997d-ff573d3fc084
2025-04-01 14:18:21,850 - notion_sync - INFO - ✅ Updated record: 1b43a17e-5d7f-807a-b58b-f02a73676898
2025-04-01 14:18:21,853 - notion_sync - INFO - ✅ Updated record: 1b43a17e-5d7f-8050-96db-f13b4a08d9ba
2025-04-01 14:18:21,855 - notion_sync - INFO - ✅ Updated record: 1b43a17e-5d7f-8092-bc8f-fc7cc417b65f
2025-04-01 14:18:21,858 - notion_sync - INFO - ✅ Updated record: 1b43a17e-5d7f-8062-98b5-e5b149d427dd
2025-04-01 14:18:21,861 - notion_sync - INFO - ✅ Updated record: 1b43a17e-5d7f-80ac-b1ce-ffa842491cdd
2025-04-01 14:18:21,863 - notion_sync - INFO - ✅ Updated record: 1b43a17e-5d7f-804c-9120-ca920375c32a
2025-04-01 14:18:21,865 - notion_sync - INFO - ✅ Updated record: 1b43a17e-5d7f-800d-bc17-f2d0608aaca2
2025-04-01 14:18:21,868 - notion_sync - INFO - ✅ Updated record: 1b43a17e-5d7f-80b3-8831-fdbe0345e3dd
2025-04-01 14:18:21,871 - notion_sync - INFO - ✅ Updated record: 1b43a17e-5d7f-80c3-80bf-f28237a56a19
2025-04-01 14:18:21,873 - notion_sync - INFO - ✅ Updated record: 1b43a17e-5d7f-8023-aab5-d8b284de438c
2025-04-01 14:18:21,875 - notion_sync - INFO - ✅ Updated record: 1b43a17e-5d7f-80f1-9660-df816a2f0497
2025-04-01 14:18:21,876 - notion_sync - INFO - ✅ Updated record: 1b43a17e-5d7f-80b5-b8be-d7cb059d0693
2025-04-01 14:18:21,878 - notion_sync - INFO - ✅ Updated record: 1b33a17e-5d7f-8034-9b8c-e452b8ef3ff8
2025-04-01 14:18:21,880 - notion_sync - INFO - ✅ Updated record: 1b33a17e-5d7f-8013-a39d-fb9661ddd6c1
2025-04-01 14:18:21,882 - notion_sync - INFO - ✅ Updated record: 1b33a17e-5d7f-80d1-af63-cbd124db871e
2025-04-01 14:18:21,884 - notion_sync - INFO - ✅ Updated record: 1af3a17e-5d7f-80af-b8e1-d87b8bba6211
2025-04-01 14:18:21,886 - notion_sync - INFO - ✅ Updated record: 1ae3a17e-5d7f-80b6-b6d2-eced4f4304e7
2025-04-01 14:18:21,888 - notion_sync - INFO - ✅ Updated record: 1ac3a17e-5d7f-80e6-8d49-d924e9cdc271
2025-04-01 14:18:21,890 - notion_sync - INFO - ✅ Updated record: 1ac3a17e-5d7f-80b9-ac96-cedaed4fdc51
2025-04-01 14:18:21,892 - notion_sync - INFO - ✅ Updated record: 1ac3a17e-5d7f-80a0-a166-e7be626d5304
2025-04-01 14:18:21,894 - notion_sync - INFO - ✅ Updated record: 1ac3a17e-5d7f-80cc-82cb-e614f79c35f9
2025-04-01 14:18:21,896 - notion_sync - INFO - ✅ Updated record: 1ac3a17e-5d7f-80da-9492-f5e155a1f1a8
2025-04-01 14:18:21,899 - notion_sync - INFO - ✅ Updated record: 1ab3a17e-5d7f-8047-afb8-d78a01192770
2025-04-01 14:18:21,901 - notion_sync - INFO - ✅ Updated record: 1ab3a17e-5d7f-803b-8219-e3ea012b71d7
2025-04-01 14:18:21,903 - notion_sync - INFO - ✅ Updated record: 1aa3a17e-5d7f-8066-a7c1-de84a825eb4f
2025-04-01 14:18:21,905 - notion_sync - INFO - ✅ Updated record: 1a83a17e-5d7f-8020-9f52-e70e38c309f0
2025-04-01 14:18:21,907 - notion_sync - INFO - ✅ Updated record: 1a63a17e-5d7f-8061-b106-c5adc9700d53
2025-04-01 14:18:21,909 - notion_sync - INFO - ✅ Updated record: 1a53a17e-5d7f-8073-8a29-fcd26026ee90
2025-04-01 14:18:21,912 - notion_sync - INFO - ✅ Updated record: 1a43a17e-5d7f-8088-ab45-c32cc951d7e9
2025-04-01 14:18:21,914 - notion_sync - INFO - ✅ Updated record: 1a43a17e-5d7f-8032-8611-c64a62253e6f
2025-04-01 14:18:21,916 - notion_sync - INFO - ✅ Updated record: 1a43a17e-5d7f-80bd-8bd8-e4c23cc5e48d
2025-04-01 14:18:21,918 - notion_sync - INFO - ✅ Updated record: 1a43a17e-5d7f-80ea-8733-d4bfc66036ab
2025-04-01 14:18:21,920 - notion_sync - INFO - ✅ Updated record: 1a13a17e-5d7f-80e5-aaac-c374c57612ff
2025-04-01 14:18:21,922 - notion_sync - INFO - ✅ Updated record: 1a13a17e-5d7f-80c8-805e-c14481b15bc3
2025-04-01 14:18:21,925 - notion_sync - INFO - ✅ Updated record: 1a13a17e-5d7f-800e-a53c-d746e978dd55
2025-04-01 14:18:21,927 - notion_sync - INFO - ✅ Updated record: 1a03a17e-5d7f-80ca-a7ce-fa8698fd1371
2025-04-01 14:18:21,929 - notion_sync - INFO - ✅ Updated record: 19f3a17e-5d7f-8007-a9b4-dbabfbd7441e
2025-04-01 14:18:21,932 - notion_sync - INFO - ✅ Updated record: 19e3a17e-5d7f-808b-baaa-f670d5f36344
2025-04-01 14:18:21,933 - notion_sync - INFO - ✅ Updated record: 19e3a17e-5d7f-8067-897d-c4dc63d21c43
2025-04-01 14:18:21,935 - notion_sync - INFO - ✅ Updated record: 19e3a17e-5d7f-8058-a629-d9c711cdacd2
2025-04-01 14:18:21,938 - notion_sync - INFO - ✅ Updated record: 19d3a17e-5d7f-8016-a6e3-ea9bc7434880
2025-04-01 14:18:21,940 - notion_sync - INFO - ✅ Updated record: 1993a17e-5d7f-8012-8e16-e817fa7a7dd1
2025-04-01 14:18:21,942 - notion_sync - INFO - ✅ Updated record: 1983a17e-5d7f-803e-9f68-c1dc8502a98b
2025-04-01 14:18:21,944 - notion_sync - INFO - ✅ Updated record: 1983a17e-5d7f-8095-ad40-ff852e0d3309
2025-04-01 14:18:21,946 - notion_sync - INFO - ✅ Updated record: 1983a17e-5d7f-80bb-a336-de8fdc85f9b8
2025-04-01 14:18:21,948 - notion_sync - INFO - ✅ Updated record: 1983a17e-5d7f-8058-ac3e-e269888fb6f3
2025-04-01 14:18:21,950 - notion_sync - INFO - ✅ Updated record: 1983a17e-5d7f-801a-a4e5-f26aa69a34ac
2025-04-01 14:18:21,952 - notion_sync - INFO - ✅ Updated record: 1983a17e-5d7f-8012-81f6-c1fbe4474007
2025-04-01 14:18:21,955 - notion_sync - INFO - ✅ Updated record: 1983a17e-5d7f-80c6-a0e4-e2d0070dd4ad
2025-04-01 14:18:21,958 - notion_sync - INFO - ✅ Updated record: 1983a17e-5d7f-80ea-a90b-c47991b77ac7
2025-04-01 14:18:21,960 - notion_sync - INFO - ✅ Updated record: 1983a17e-5d7f-80bb-b4d8-f1b2e4fa2a92
2025-04-01 14:18:21,962 - notion_sync - INFO - ✅ Updated record: 1983a17e-5d7f-80e6-adf1-cb0fb484d9cf
2025-04-01 14:18:21,964 - notion_sync - INFO - ✅ Updated record: 1983a17e-5d7f-8050-a578-e774ed89ec8c
2025-04-01 14:18:21,966 - notion_sync - INFO - ✅ Updated record: 1983a17e-5d7f-803d-a6ea-decab8891a2a
2025-04-01 14:18:21,968 - notion_sync - INFO - ✅ Updated record: 1983a17e-5d7f-8043-8561-f7c9a74c7b4c
2025-04-01 14:18:21,969 - notion_sync - INFO - ✅ Updated record: 1983a17e-5d7f-80bd-a263-c8a6aea681d6
2025-04-01 14:18:21,971 - notion_sync - INFO - ✅ Updated record: 1983a17e-5d7f-80b1-93ca-eae073725c19
2025-04-01 14:18:21,973 - notion_sync - INFO - ✅ Updated record: 1983a17e-5d7f-8063-b88c-f110c860b502
2025-04-01 14:18:21,975 - notion_sync - INFO - ✅ Updated record: 1983a17e-5d7f-8088-8648-ea3eb51a17a4
2025-04-01 14:18:21,977 - notion_sync - INFO - ✅ Updated record: 1983a17e-5d7f-8069-93ff-c4557cb3d89c
2025-04-01 14:18:21,979 - notion_sync - INFO - ✅ Updated record: 1983a17e-5d7f-8008-862d-fcb3b7f93a52
2025-04-01 14:18:21,980 - notion_sync - INFO - ✅ Updated record: 1983a17e-5d7f-808e-a0ec-d9375e17e9c1
2025-04-01 14:18:21,982 - notion_sync - INFO - ✅ Updated record: 1983a17e-5d7f-80f7-b372-ee970f8c8930
2025-04-01 14:18:21,984 - notion_sync - INFO - ✅ Updated record: 1983a17e-5d7f-8098-b27a-d80c68ca43e3
2025-04-01 14:18:21,985 - notion_sync - INFO - ✅ Updated record: 1983a17e-5d7f-808e-96a7-cfafeb0459cf
2025-04-01 14:18:21,987 - notion_sync - INFO - ✅ Updated record: 1983a17e-5d7f-8094-9b17-ee0a1853d576
2025-04-01 14:18:21,989 - notion_sync - INFO - ✅ Updated record: 1983a17e-5d7f-80c2-a419-e98ed1dd53a1
2025-04-01 14:18:21,991 - notion_sync - INFO - ✅ Updated record: 1983a17e-5d7f-800a-858e-f03de7b8a350
2025-04-01 14:18:21,994 - notion_sync - INFO - ✅ Updated record: 1983a17e-5d7f-8038-a4dc-ee1248ee090b
2025-04-01 14:18:21,996 - notion_sync - INFO - ✅ Updated record: 1983a17e-5d7f-80a8-a8db-d45ed3c79633
2025-04-01 14:18:21,997 - notion_sync - INFO - ✅ Updated record: 1983a17e-5d7f-8091-a81b-fc545af1991d
2025-04-01 14:18:22,000 - notion_sync - INFO - ✅ Updated record: 1983a17e-5d7f-80b4-851a-cfd1ece9cf54
2025-04-01 14:18:22,002 - notion_sync - INFO - ✅ Updated record: 1983a17e-5d7f-804c-9ab7-d3be1f71c39d
2025-04-01 14:18:22,003 - notion_sync - INFO - ✅ Updated record: 1983a17e-5d7f-8058-b538-d3ac09e07559
2025-04-01 14:18:22,005 - notion_sync - INFO - ✅ Updated record: 1983a17e-5d7f-806d-84ae-de81281b6779
2025-04-01 14:18:22,008 - notion_sync - INFO - ✅ Updated record: 1973a17e-5d7f-802f-99d4-d1fe9fddd989
2025-04-01 14:18:22,010 - notion_sync - INFO - ✅ Updated record: 1973a17e-5d7f-8054-b9a0-f8bad9f6df0a
2025-04-01 14:18:22,012 - notion_sync - INFO - ✅ Updated record: 1973a17e-5d7f-8018-a162-ca32639e5727
2025-04-01 14:18:22,014 - notion_sync - INFO - ✅ Updated record: 1973a17e-5d7f-80f5-8c45-e0afff814348
2025-04-01 14:18:22,016 - notion_sync - INFO - ✅ Updated record: 1973a17e-5d7f-80d1-a6f3-f1664a9757bd
2025-04-01 14:18:22,018 - notion_sync - INFO - ✅ Updated record: 1973a17e-5d7f-80c2-b5a0-d774c894f38e
2025-04-01 14:18:22,020 - notion_sync - INFO - ✅ Updated record: 1973a17e-5d7f-8021-8309-f234fe68ff2f
2025-04-01 14:18:22,022 - notion_sync - INFO - ✅ Updated record: 1973a17e-5d7f-80e6-9975-c298370ea6d7
2025-04-01 14:18:22,024 - notion_sync - INFO - ✅ Updated record: 1973a17e-5d7f-80bf-b203-d6a31cee7ce6
2025-04-01 14:18:22,026 - notion_sync - INFO - ✅ Updated record: 1973a17e-5d7f-801e-b787-cbffad2b9743
2025-04-01 14:18:22,029 - notion_sync - INFO - ✅ Updated record: 1973a17e-5d7f-8044-9fa1-cec2b7d249fd
2025-04-01 14:18:22,030 - notion_sync - INFO - ✅ Updated record: 1973a17e-5d7f-800a-b5e1-d2b967bbff55
2025-04-01 14:18:22,032 - notion_sync - INFO - ✅ Updated record: 1973a17e-5d7f-8068-a314-d9fa1ed39907
2025-04-01 14:18:22,034 - notion_sync - INFO - ✅ Updated record: 1973a17e-5d7f-80a1-a829-eba44d3b90d8
2025-04-01 14:18:22,036 - notion_sync - INFO - ✅ Updated record: 1963a17e-5d7f-8053-82d0-e2b181312493
2025-04-01 14:18:22,038 - notion_sync - INFO - ✅ Updated record: 1963a17e-5d7f-80d1-993d-e8894534fec6
2025-04-01 14:18:22,040 - notion_sync - INFO - ✅ Updated record: 1943a17e-5d7f-804a-9546-dd82ee1bf728
2025-04-01 14:18:22,041 - notion_sync - INFO - ✅ Updated record: d44443c0-37a0-477a-b5ec-da72c073dd6e
2025-04-01 14:18:22,043 - notion_sync - INFO - ✅ Updated record: 1923a17e-5d7f-80c8-b48d-f04d74f6733b
2025-04-01 14:18:22,045 - notion_sync - INFO - ✅ Updated record: b5cb80bc-ecb9-4494-b022-8b48d9f2cd7e
2025-04-01 14:18:22,047 - notion_sync - INFO - ✅ Updated record: 1923a17e-5d7f-8051-bf0e-f46cf8d8cf00
2025-04-01 14:18:22,048 - notion_sync - INFO - ✅ Updated record: 1903a17e-5d7f-8054-927c-da808bb43252
2025-04-01 14:18:22,050 - notion_sync - INFO - ✅ Updated record: 1903a17e-5d7f-808b-ba30-e3fea2199371
2025-04-01 14:18:22,052 - notion_sync - INFO - ✅ Updated record: 1903a17e-5d7f-8022-a227-d0dc4b11f1f1
2025-04-01 14:18:22,053 - notion_sync - INFO - ✅ Updated record: 1903a17e-5d7f-808c-8331-d7e881d97c57
2025-04-01 14:18:22,055 - notion_sync - INFO - ✅ Updated record: 1903a17e-5d7f-80ac-8b4f-d12236a8ebab
2025-04-01 14:18:22,057 - notion_sync - INFO - ✅ Updated record: 1903a17e-5d7f-80fe-8101-c8ef6f1217a5
2025-04-01 14:18:22,059 - notion_sync - INFO - ✅ Updated record: 1903a17e-5d7f-8004-b0dd-d94fdc32eeba
2025-04-01 14:18:22,061 - notion_sync - INFO - ✅ Updated record: 1903a17e-5d7f-80ac-9faa-e0949069e14e
2025-04-01 14:18:22,062 - notion_sync - INFO - ✅ Updated record: 1903a17e-5d7f-8059-9c69-e9c8ef2548ff
2025-04-01 14:18:22,064 - notion_sync - INFO - ✅ Updated record: 1903a17e-5d7f-80d9-af14-ea1307434e5e
2025-04-01 14:18:22,066 - notion_sync - INFO - ✅ Updated record: 1903a17e-5d7f-80ee-bf56-c1416f528edd
2025-04-01 14:18:22,068 - notion_sync - INFO - ✅ Updated record: 1903a17e-5d7f-805e-b86e-f5c9db24afa9
2025-04-01 14:18:22,069 - notion_sync - INFO - ✅ Updated record: 1903a17e-5d7f-8066-8283-d061d4b57690
2025-04-01 14:18:22,071 - notion_sync - INFO - ✅ Updated record: 1903a17e-5d7f-8006-bc4e-f2a371b37b31
2025-04-01 14:18:22,073 - notion_sync - INFO - ✅ Updated record: 1903a17e-5d7f-8000-8584-eb5868fff93f
2025-04-01 14:18:22,075 - notion_sync - INFO - ✅ Updated record: 1903a17e-5d7f-8085-af0c-d239fd5725a8
2025-04-01 14:18:22,076 - notion_sync - INFO - ✅ Updated record: 1903a17e-5d7f-8053-8fad-ed86d5c795f6
2025-04-01 14:18:22,078 - notion_sync - INFO - ✅ Updated record: 1903a17e-5d7f-804e-9c6f-f7af4c43f2d9
2025-04-01 14:18:22,080 - notion_sync - INFO - ✅ Updated record: 1903a17e-5d7f-80e5-9029-eebd8a9b0aac
2025-04-01 14:18:22,081 - notion_sync - INFO - ✅ Updated record: 1903a17e-5d7f-8017-b38a-ff2b3238acf1
2025-04-01 14:18:22,083 - notion_sync - INFO - ✅ Updated record: 1903a17e-5d7f-80c9-b42c-d59fcfefa02b
2025-04-01 14:18:22,085 - notion_sync - INFO - ✅ Updated record: 1903a17e-5d7f-8025-a23a-ca8b4add650e
2025-04-01 14:18:22,087 - notion_sync - INFO - ✅ Updated record: 1903a17e-5d7f-80a0-8e2d-c13d6771da26
2025-04-01 14:18:22,088 - notion_sync - INFO - ✅ Updated record: 1903a17e-5d7f-81fe-9328-e2baa136ebf6
2025-04-01 14:18:22,090 - notion_sync - INFO - ✅ Updated record: 1903a17e-5d7f-81f9-9fcf-c3b76ee9d4b6
2025-04-01 14:18:22,092 - notion_sync - INFO - ✅ Updated record: 1903a17e-5d7f-81d0-a495-db5aa728313d
2025-04-01 14:18:22,094 - notion_sync - INFO - ✅ Updated record: 1903a17e-5d7f-812a-96a4-da155531ef7e
2025-04-01 14:18:22,095 - notion_sync - INFO - ✅ Updated record: 1903a17e-5d7f-81a9-86e5-e46cc2cff610
2025-04-01 14:18:22,097 - notion_sync - INFO - ✅ Updated record: 1903a17e-5d7f-81f8-ac3f-c71b911c95ec
2025-04-01 14:18:22,099 - notion_sync - INFO - ✅ Updated record: 1903a17e-5d7f-81a3-8fdb-d31942636693
2025-04-01 14:18:22,101 - notion_sync - INFO - ✅ Updated record: 1903a17e-5d7f-81ec-a337-fa525304c7c8
2025-04-01 14:18:22,103 - notion_sync - INFO - ✅ Updated record: 1903a17e-5d7f-819f-8642-eec2ca332cd9
2025-04-01 14:18:22,105 - notion_sync - INFO - ✅ Updated record: 1903a17e-5d7f-8120-a6ed-fa603db5b0bb
2025-04-01 14:18:22,107 - notion_sync - INFO - ✅ Updated record: 1903a17e-5d7f-812e-978a-ce370e855346
2025-04-01 14:18:22,109 - notion_sync - INFO - ✅ Updated record: 1903a17e-5d7f-8168-8cca-e1c5d83699c8
2025-04-01 14:18:22,110 - notion_sync - INFO - ✅ Updated record: 1903a17e-5d7f-81e4-8409-ff5d5303c565
2025-04-01 14:18:22,112 - notion_sync - INFO - ✅ Updated record: 1903a17e-5d7f-81f9-923e-f3ac1e2e53f3
2025-04-01 14:18:22,115 - notion_sync - INFO - ✅ Updated record: 1903a17e-5d7f-8195-a1eb-f76020f679ad
2025-04-01 14:18:22,116 - notion_sync - INFO - ✅ Updated record: 1903a17e-5d7f-8137-a7b3-d504d20fa0d6
2025-04-01 14:18:22,118 - notion_sync - INFO - ✅ Updated record: 1903a17e-5d7f-81fe-b346-e6c53b455ca9
2025-04-01 14:18:22,120 - notion_sync - INFO - ✅ Updated record: 1903a17e-5d7f-815c-bdd3-fcb2536dfaf0
2025-04-01 14:18:22,122 - notion_sync - INFO - ✅ Updated record: 1903a17e-5d7f-818f-b394-d3d88c7f7b42
2025-04-01 14:18:22,124 - notion_sync - INFO - ✅ Updated record: 1903a17e-5d7f-8173-95ae-fc940d7bdd58
2025-04-01 14:18:22,125 - notion_sync - INFO - ✅ Updated record: 1903a17e-5d7f-8129-a890-dc8d1729b360
2025-04-01 14:18:22,127 - notion_sync - INFO - ✅ Updated record: 1903a17e-5d7f-81b4-bd97-d8a54e93b3e8
2025-04-01 14:18:22,129 - notion_sync - INFO - ✅ Updated record: 1903a17e-5d7f-817f-9ff3-d442e16ac391
2025-04-01 14:18:22,131 - notion_sync - INFO - ✅ Updated record: 1903a17e-5d7f-818a-9204-c60bfdfcbd1b
2025-04-01 14:18:22,133 - notion_sync - INFO - ✅ Updated record: 1903a17e-5d7f-8185-89a5-e6150fda8734
2025-04-01 14:18:22,134 - notion_sync - INFO - ✅ Updated record: 1903a17e-5d7f-81ca-a1cb-ea1555b3b73e
2025-04-01 14:18:22,136 - notion_sync - INFO - ✅ Updated record: 1903a17e-5d7f-8180-abfb-cdcc299b6f70
2025-04-01 14:18:22,138 - notion_sync - INFO - ✅ Updated record: 1903a17e-5d7f-8193-a29d-d303c4cb89c9
2025-04-01 14:18:22,140 - notion_sync - INFO - ✅ Updated record: 1903a17e-5d7f-81ad-aeee-dd2e11052974
2025-04-01 14:18:22,142 - notion_sync - INFO - ✅ Updated record: 1903a17e-5d7f-81a8-a457-d72800c9a301
2025-04-01 14:18:22,144 - notion_sync - INFO - ✅ Updated record: 1903a17e-5d7f-812a-8887-c37f9cc96a54
2025-04-01 14:18:22,146 - notion_sync - INFO - ✅ Updated record: 1903a17e-5d7f-81ba-ab5f-c095592abaab
2025-04-01 14:18:22,148 - notion_sync - INFO - ✅ Updated record: 1903a17e-5d7f-81c8-b6d1-e9a7d943c79c
2025-04-01 14:18:22,150 - notion_sync - INFO - ✅ Updated record: 1903a17e-5d7f-81d6-9eba-ed0eb816b77a
2025-04-01 14:18:22,151 - notion_sync - INFO - ✅ Updated record: 1903a17e-5d7f-81f0-b064-cc64cf9b2fa3
2025-04-01 14:18:22,153 - notion_sync - INFO - ✅ Updated record: 1903a17e-5d7f-81e0-8926-c822df89cc34
2025-04-01 14:18:22,155 - notion_sync - INFO - ✅ Updated record: 1903a17e-5d7f-814d-9999-d06b9dd1725e
2025-04-01 14:18:22,157 - notion_sync - INFO - ✅ Updated record: 1903a17e-5d7f-8120-8057-c1c3b641708d
2025-04-01 14:18:22,159 - notion_sync - INFO - ✅ Updated record: 1903a17e-5d7f-8177-823c-d1f5d7f0596b
2025-04-01 14:18:22,161 - notion_sync - INFO - ✅ Updated record: 1903a17e-5d7f-81bb-8dd4-ecbc321f0389
2025-04-01 14:18:22,163 - notion_sync - INFO - ✅ Updated record: 1903a17e-5d7f-8150-99a4-dbf03747d992
2025-04-01 14:18:22,165 - notion_sync - INFO - ✅ Updated record: 1903a17e-5d7f-81de-a89f-e3a1c201ddd4
2025-04-01 14:18:22,167 - notion_sync - INFO - ✅ Updated record: 1903a17e-5d7f-81ba-85e6-f8c6e2940cfa
2025-04-01 14:18:22,168 - notion_sync - INFO - ✅ Updated record: 1903a17e-5d7f-812c-bc4d-d2bbeb8d5221
2025-04-01 14:18:22,170 - notion_sync - INFO - ✅ Updated record: 1903a17e-5d7f-81cb-9607-f622f2871d46
2025-04-01 14:18:22,172 - notion_sync - INFO - ✅ Updated record: 1903a17e-5d7f-8102-ba91-de9162d08600
2025-04-01 14:18:22,174 - notion_sync - INFO - ✅ Updated record: 1903a17e-5d7f-81ce-ae4a-dd563abbd1a9
2025-04-01 14:18:22,177 - notion_sync - INFO - ✅ Updated record: 1903a17e-5d7f-810a-bbac-ef8e35ab6ef6
2025-04-01 14:18:22,179 - notion_sync - INFO - ✅ Updated record: 1903a17e-5d7f-81ac-9b6d-d6ccb22e6958
2025-04-01 14:18:22,180 - notion_sync - INFO - ✅ Updated record: 1903a17e-5d7f-815e-9c3d-f1a662d72f73
2025-04-01 14:18:22,182 - notion_sync - INFO - ✅ Updated record: 1903a17e-5d7f-819b-94af-dabcc7465f78
2025-04-01 14:18:22,184 - notion_sync - INFO - ✅ Updated record: 1903a17e-5d7f-81ed-8d1b-f6659a69ef03
2025-04-01 14:18:22,186 - notion_sync - INFO - ✅ Updated record: 1903a17e-5d7f-812f-97bc-e00ee28ead5e
2025-04-01 14:18:22,187 - notion_sync - INFO - ✅ Updated record: 1903a17e-5d7f-81d8-ae9a-fbd03b6d84e4
2025-04-01 14:18:22,189 - notion_sync - INFO - ✅ Updated record: 1903a17e-5d7f-8196-907f-f2b6320a2ae6
2025-04-01 14:18:22,191 - notion_sync - INFO - ✅ Updated record: 1903a17e-5d7f-814f-99a6-e375b0e674f7
2025-04-01 14:18:22,192 - notion_sync - INFO - ✅ Updated record: 1903a17e-5d7f-8141-8881-e2b598a68fd0
2025-04-01 14:18:22,195 - notion_sync - INFO - ✅ Updated record: 1903a17e-5d7f-81a8-94cc-d89278501f58
2025-04-01 14:18:22,196 - notion_sync - INFO - ✅ Updated record: 1903a17e-5d7f-810e-b321-e26f0557e740
2025-04-01 14:18:22,198 - notion_sync - INFO - ✅ Updated record: 1903a17e-5d7f-8195-b7f1-ca5240be5294
2025-04-01 14:18:22,200 - notion_sync - INFO - ✅ Updated record: 1903a17e-5d7f-813d-8e20-f35ba6f2c213
2025-04-01 14:18:22,202 - notion_sync - INFO - ✅ Updated record: 1903a17e-5d7f-81cd-b855-f26dce2f8223
2025-04-01 14:18:22,203 - notion_sync - INFO - ✅ Updated record: 1903a17e-5d7f-8189-bfef-d527b9662c34
2025-04-01 14:18:22,205 - notion_sync - INFO - ✅ Updated record: 1903a17e-5d7f-812e-8541-fc8d8af5529f
2025-04-01 14:18:22,207 - notion_sync - INFO - ✅ Updated record: 18e3a17e-5d7f-802f-bc0a-ffdff97c0ca8
2025-04-01 14:18:22,208 - notion_sync - INFO - ✅ Updated record: 18e3a17e-5d7f-80aa-9562-cf733c086d3e
2025-04-01 14:18:22,210 - notion_sync - INFO - ✅ Updated record: 18e3a17e-5d7f-80de-98ba-eaf5aa62f28c
2025-04-01 14:18:22,212 - notion_sync - INFO - ✅ Updated record: 1813a17e-5d7f-8001-88d5-ecbdf5b7ef0e
2025-04-01 14:18:22,214 - notion_sync - INFO - ✅ Updated record: 1813a17e-5d7f-80b6-a411-f687c20a4e9c
2025-04-01 14:18:22,215 - notion_sync - INFO - ✅ Updated record: 1813a17e-5d7f-8003-82e5-f66dcba6cee4
2025-04-01 14:18:22,217 - notion_sync - INFO - ✅ Updated record: 1813a17e-5d7f-8094-b2a4-c81181e18a9d
2025-04-01 14:18:22,219 - notion_sync - INFO - ✅ Updated record: 1813a17e-5d7f-8062-aa0b-f0c6ac4972bf
2025-04-01 14:18:22,221 - notion_sync - INFO - ✅ Updated record: 1813a17e-5d7f-804c-a02f-cd4ace126cd7
2025-04-01 14:18:22,221 - notion_sync - INFO - Sync completed. 270/271 records synced.
2025-04-01 14:18:22,223 - nontion_sync.tasks - INFO - ✅ Sync result for 13e3a17e5d7f80da9a55e1a01feda7b3: Sync completed. 270/271 records synced.
2025-04-01 14:18:22,224 - nontion_sync.tasks - INFO - Processing NotionDbConfig: hz2
2025-04-01 14:18:22,951 - httpx - INFO - HTTP Request: POST https://api.notion.com/v1/databases/1733a17e5d7f8009bbf6d7c68b1cacf1/query "HTTP/1.1 200 OK"
2025-04-01 14:18:23,250 - httpx - INFO - HTTP Request: POST https://api.notion.com/v1/databases/1733a17e5d7f8009bbf6d7c68b1cacf1/query "HTTP/1.1 200 OK"
2025-04-01 14:18:23,254 - httpx - INFO - HTTP Request: POST https://api.notion.com/v1/databases/13e3a17e5d7f804b893df6008ef0f629/query "HTTP/1.1 200 OK"
2025-04-01 14:18:23,726 - httpx - INFO - HTTP Request: PATCH https://api.notion.com/v1/pages/1c73a17e-5d7f-8116-8951-c948fd0b5726 "HTTP/1.1 200 OK"
2025-04-01 14:18:23,727 - notion_sync - INFO - Updated record with service_id: FC-500
2025-04-01 14:18:24,142 - httpx - INFO - HTTP Request: POST https://api.notion.com/v1/databases/1733a17e5d7f8009bbf6d7c68b1cacf1/query "HTTP/1.1 200 OK"
2025-04-01 14:18:24,668 - httpx - INFO - HTTP Request: PATCH https://api.notion.com/v1/pages/1903a17e-5d7f-8102-9394-c6854445aae5 "HTTP/1.1 200 OK"
2025-04-01 14:18:24,669 - notion_sync - INFO - Updated record with service_id: FC-495
2025-04-01 14:18:24,826 - httpx - INFO - HTTP Request: POST https://api.notion.com/v1/databases/13e3a17e5d7f804b893df6008ef0f629/query "HTTP/1.1 200 OK"
2025-04-01 14:18:25,096 - httpx - INFO - HTTP Request: POST https://api.notion.com/v1/databases/1733a17e5d7f8009bbf6d7c68b1cacf1/query "HTTP/1.1 200 OK"
2025-04-01 14:18:25,616 - httpx - INFO - HTTP Request: PATCH https://api.notion.com/v1/pages/1903a17e-5d7f-810c-94e3-e77811421c39 "HTTP/1.1 200 OK"
2025-04-01 14:18:25,617 - notion_sync - INFO - Updated record with service_id: FC-106
2025-04-01 14:18:25,898 - httpx - INFO - HTTP Request: POST https://api.notion.com/v1/databases/1733a17e5d7f8009bbf6d7c68b1cacf1/query "HTTP/1.1 200 OK"
2025-04-01 14:18:27,015 - httpx - INFO - HTTP Request: POST https://api.notion.com/v1/databases/13e3a17e5d7f804b893df6008ef0f629/query "HTTP/1.1 200 OK"
2025-04-01 14:18:27,023 - notion_sync - INFO - Number of closing tasks: 389
2025-04-01 14:18:27,230 - httpx - INFO - HTTP Request: PATCH https://api.notion.com/v1/pages/1903a17e-5d7f-8161-aa74-e82ea2af3b70 "HTTP/1.1 200 OK"
2025-04-01 14:18:27,230 - notion_sync - INFO - Updated record with service_id: FC-104
2025-04-01 14:18:27,507 - httpx - INFO - HTTP Request: POST https://api.notion.com/v1/databases/1733a17e5d7f8009bbf6d7c68b1cacf1/query "HTTP/1.1 200 OK"
2025-04-01 14:18:27,922 - httpx - INFO - HTTP Request: PATCH https://api.notion.com/v1/pages/1903a17e-5d7f-8198-ba7b-d33e44ad16e0 "HTTP/1.1 200 OK"
2025-04-01 14:18:27,922 - notion_sync - INFO - Updated record with service_id: FC-499
2025-04-01 14:18:28,266 - httpx - INFO - HTTP Request: POST https://api.notion.com/v1/databases/1733a17e5d7f8009bbf6d7c68b1cacf1/query "HTTP/1.1 200 OK"
2025-04-01 14:18:29,788 - httpx - INFO - HTTP Request: POST https://api.notion.com/v1/databases/13e3a17e5d7f80da9a55e1a01feda7b3/query "HTTP/1.1 200 OK"
2025-04-01 14:18:31,189 - httpx - INFO - HTTP Request: PATCH https://api.notion.com/v1/pages/18f3a17e-5d7f-81b2-8c14-f90f37045dc0 "HTTP/1.1 200 OK"
2025-04-01 14:18:31,198 - notion_sync - INFO - Updated record with service_id: FC-115
2025-04-01 14:18:32,961 - httpx - INFO - HTTP Request: POST https://api.notion.com/v1/databases/13e3a17e5d7f80da9a55e1a01feda7b3/query "HTTP/1.1 200 OK"
2025-04-01 14:18:33,169 - httpx - INFO - HTTP Request: POST https://api.notion.com/v1/databases/1733a17e5d7f8009bbf6d7c68b1cacf1/query "HTTP/1.1 200 OK"
2025-04-01 14:18:33,670 - httpx - INFO - HTTP Request: PATCH https://api.notion.com/v1/pages/1a43a17e-5d7f-81bb-8546-c51bcd613eff "HTTP/1.1 200 OK"
2025-04-01 14:18:33,675 - notion_sync - INFO - Updated record with service_id: FC-105
2025-04-01 14:18:34,339 - httpx - INFO - HTTP Request: POST https://api.notion.com/v1/databases/1733a17e5d7f8009bbf6d7c68b1cacf1/query "HTTP/1.1 200 OK"
2025-04-01 14:18:34,858 - httpx - INFO - HTTP Request: PATCH https://api.notion.com/v1/pages/18f3a17e-5d7f-81b1-b8f1-dcdb843afc41 "HTTP/1.1 200 OK"
2025-04-01 14:18:34,859 - notion_sync - INFO - Updated record with service_id: FC-114
2025-04-01 14:18:35,232 - httpx - INFO - HTTP Request: POST https://api.notion.com/v1/databases/1733a17e5d7f8009bbf6d7c68b1cacf1/query "HTTP/1.1 200 OK"
2025-04-01 14:18:36,162 - httpx - INFO - HTTP Request: POST https://api.notion.com/v1/databases/13e3a17e5d7f80da9a55e1a01feda7b3/query "HTTP/1.1 200 OK"
2025-04-01 14:18:36,185 - notion_sync - INFO - Number of orders: 271
2025-04-01 14:18:37,028 - httpx - INFO - HTTP Request: POST https://api.notion.com/v1/databases/1763a17e5d7f80f9acf9c9618f521957/query "HTTP/1.1 200 OK"
2025-04-01 14:18:37,030 - notion_sync - INFO - Database Properties: ['07.24', '01.26', '05.26', '09.25', '07.25h', '03.26h', '05.25h', '10.25', '11.25h', '01.26h', '06.26', '08.25h', '03.24', '04.25h', '03.25h', '03.25', '05.26h', '03.26', 'Average coef 2026', '08.25', '11.25', '01.25h', '06.25', '02.26h', '04.24', '09.26', '12.24', '02.25', '09.24', '07.25', '06.26h', '10.26', '10.25h', 'Total h 2026', '12.26', '12.25', '10.24', '02.25h', '08.26', '07.26', '11.24', '2025 Total h', '08.24', '12.25h', '06.25h', '11.23', '04.25', '2025+2026 Total h', '04.26', '11.26', '02.26', '04.26h', 'Average coef 2025', '09.25h', '01.25', '05.25', 'Responsible Name']
2025-04-01 14:18:37,533 - httpx - INFO - HTTP Request: POST https://api.notion.com/v1/databases/1763a17e5d7f80f9acf9c9618f521957/query "HTTP/1.1 200 OK"
2025-04-01 14:18:37,536 - notion_sync - INFO - Prepared data for Voice: {'01.25': {'number': 0}, '02.25': {'number': 0.33}, '03.25': {'number': 1.06}, '04.25': {'number': 3.25}, '05.25': {'number': 1.55}, '06.25': {'number': 3.35}, '07.25': {'number': 2.45}, '08.25': {'number': 3.4}, '09.25': {'number': 3.45}, '10.25': {'number': 1.69}, '11.25': {'number': 2.34}, '12.25': {'number': 3.27}, '01.26': {'number': 2.63}, '02.26': {'number': 1.83}, '03.26': {'number': 0.71}, '04.26': {'number': 0}, '05.26': {'number': 0}, '06.26': {'number': 0}, '01.25h': {'number': 0}, '02.25h': {'number': 42.5}, '03.25h': {'number': 138.0}, '04.25h': {'number': 423.0}, '05.25h': {'number': 202.0}, '06.25h': {'number': 435.0}, '07.25h': {'number': 319.0}, '08.25h': {'number': 442.0}, '09.25h': {'number': 449.0}, '10.25h': {'number': 220.0}, '11.25h': {'number': 304.0}, '12.25h': {'number': 425.0}, '01.26h': {'number': 342.0}, '02.26h': {'number': 238.0}, '03.26h': {'number': 92.0}, '04.26h': {'number': 0}, '05.26h': {'number': 0}, '06.26h': {'number': 0}, 'Responsible Name': {'title': [{'type': 'text', 'text': {'content': 'Voice'}}]}}
2025-04-01 14:18:37,833 - httpx - INFO - HTTP Request: GET https://api.notion.com/v1/pages/1c73a17e-5d7f-8197-bd97-c80d6c45c3b7 "HTTP/1.1 200 OK"
2025-04-01 14:18:37,834 - notion_sync - INFO - Updating record for page 1c73a17e-5d7f-8197-bd97-c80d6c45c3b7 with data: {'01.25': {'number': 0}, '02.25': {'number': 0.33}, '03.25': {'number': 1.06}, '04.25': {'number': 3.25}, '05.25': {'number': 1.55}, '06.25': {'number': 3.35}, '07.25': {'number': 2.45}, '08.25': {'number': 3.4}, '09.25': {'number': 3.45}, '10.25': {'number': 1.69}, '11.25': {'number': 2.34}, '12.25': {'number': 3.27}, '01.26': {'number': 2.63}, '02.26': {'number': 1.83}, '03.26': {'number': 0.71}, '04.26': {'number': 0}, '05.26': {'number': 0}, '06.26': {'number': 0}, '01.25h': {'number': 0}, '02.25h': {'number': 42.5}, '03.25h': {'number': 138.0}, '04.25h': {'number': 423.0}, '05.25h': {'number': 202.0}, '06.25h': {'number': 435.0}, '07.25h': {'number': 319.0}, '08.25h': {'number': 442.0}, '09.25h': {'number': 449.0}, '10.25h': {'number': 220.0}, '11.25h': {'number': 304.0}, '12.25h': {'number': 425.0}, '01.26h': {'number': 342.0}, '02.26h': {'number': 238.0}, '03.26h': {'number': 92.0}, '04.26h': {'number': 0}, '05.26h': {'number': 0}, '06.26h': {'number': 0}}
2025-04-01 14:18:40,409 - httpx - INFO - HTTP Request: PATCH https://api.notion.com/v1/pages/1c73a17e-5d7f-8197-bd97-c80d6c45c3b7 "HTTP/1.1 200 OK"
2025-04-01 14:18:40,413 - notion_sync - INFO - Successfully updated record for page 1c73a17e-5d7f-8197-bd97-c80d6c45c3b7: {'object': 'page', 'id': '1c73a17e-5d7f-8197-bd97-c80d6c45c3b7', 'created_time': '2025-03-31T11:11:00.000Z', 'last_edited_time': '2025-04-01T11:18:00.000Z', 'created_by': {'object': 'user', 'id': '5ab889be-b929-4921-9510-e76bc20cb4ec'}, 'last_edited_by': {'object': 'user', 'id': '5ab889be-b929-4921-9510-e76bc20cb4ec'}, 'cover': None, 'icon': None, 'parent': {'type': 'database_id', 'database_id': '1763a17e-5d7f-80f9-acf9-c9618f521957'}, 'archived': False, 'in_trash': False, 'properties': {'07.24': {'id': '%3BB%3DE', 'type': 'number', 'number': None}, '01.26': {'id': '%3BNDW', 'type': 'number', 'number': 2.63}, '05.26': {'id': '%3BTtF', 'type': 'number', 'number': 0}, '09.25': {'id': '%3BfV%5B', 'type': 'number', 'number': 3.45}, '07.25h': {'id': '%3CgI_', 'type': 'number', 'number': 319}, '03.26h': {'id': '%3DV%5BO', 'type': 'number', 'number': 92}, '05.25h': {'id': '%3DeNR', 'type': 'number', 'number': 202}, '10.25': {'id': '%3EWD%3D', 'type': 'number', 'number': 1.69}, '11.25h': {'id': '%3FW%7DL', 'type': 'number', 'number': 304}, '01.26h': {'id': '%40%3FtW', 'type': 'number', 'number': 342}, '06.26': {'id': 'A%60qh', 'type': 'number', 'number': 0}, '08.25h': {'id': 'Bgcm', 'type': 'number', 'number': 442}, '03.24': {'id': 'BhSh', 'type': 'number', 'number': None}, '04.25h': {'id': 'Fg%3Cs', 'type': 'number', 'number': 423}, '03.25h': {'id': 'J~Qq', 'type': 'number', 'number': 138}, '03.25': {'id': 'KvR%3E', 'type': 'number', 'number': 1.06}, '05.26h': {'id': 'L%7Bqm', 'type': 'number', 'number': 0}, '03.26': {'id': 'N%7B%3AJ', 'type': 'number', 'number': 0.71}, 'Average coef 2026': {'id': 'OJ%3Ag', 'type': 'formula', 'formula': {'type': 'number', 'number': 0.430833333333}}, '08.25': {'id': 'UYMg', 'type': 'number', 'number': 3.4}, '11.25': {'id': 'XPF%7D', 'type': 'number', 'number': 2.34}, '01.25h': {'id': 'YOa%5B', 'type': 'number', 'number': 0}, '06.25': {'id': 'YWSK', 'type': 'number', 'number': 3.35}, '02.26h': {'id': 'Zw%7Ba', 'type': 'number', 'number': 238}, '04.24': {'id': '%5B~wc', 'type': 'number', 'number': None}, '09.26': {'id': '%5CQYt', 'type': 'number', 'number': None}, '12.24': {'id': '%5CXqN', 'type': 'number', 'number': None}, '02.25': {'id': '%5D%40gT', 'type': 'number', 'number': 0.33}, '09.24': {'id': '%5EEx_', 'type': 'number', 'number': None}, '07.25': {'id': '_LDz', 'type': 'number', 'number': 2.45}, '06.26h': {'id': 'axEE', 'type': 'number', 'number': 0}, '10.26': {'id': 'b%7BSk', 'type': 'number', 'number': None}, '10.25h': {'id': 'cS%5B%5E', 'type': 'number', 'number': 220}, 'Total h 2026': {'id': 'fOoG', 'type': 'formula', 'formula': {'type': 'number', 'number': 672}}, '12.26': {'id': 'fTZK', 'type': 'number', 'number': None}, '12.25': {'id': 'gQ%3BZ', 'type': 'number', 'number': 3.27}, '10.24': {'id': 'h%3FXO', 'type': 'number', 'number': None}, '02.25h': {'id': 'iBCE', 'type': 'number', 'number': 42.5}, '08.26': {'id': 'iV_G', 'type': 'number', 'number': None}, '07.26': {'id': 'jt%3Ey', 'type': 'number', 'number': None}, '11.24': {'id': 'k%7Crn', 'type': 'number', 'number': None}, '2025 Total h': {'id': 'k~zQ', 'type': 'formula', 'formula': {'type': 'number', 'number': 3399.5}}, '08.24': {'id': 'lr%5EY', 'type': 'number', 'number': None}, '12.25h': {'id': 'm%5B%3E%3F', 'type': 'number', 'number': 425}, '06.25h': {'id': 'o%5Dk%3B', 'type': 'number', 'number': 435}, '11.23': {'id': 'pJBV', 'type': 'number', 'number': None}, '04.25': {'id': 'qA%3Ap', 'type': 'number', 'number': 3.25}, '2025+2026 Total h': {'id': 'rGav', 'type': 'formula', 'formula': {'type': 'number', 'number': 4071.5}}, '04.26': {'id': 'x%5E%3E%3F', 'type': 'number', 'number': 0}, '11.26': {'id': 'xl%3Bt', 'type': 'number', 'number': None}, '02.26': {'id': 'yIkr', 'type': 'number', 'number': 1.83}, '04.26h': {'id': 'zCX_', 'type': 'number', 'number': 0}, 'Average coef 2025': {'id': 'zlfX', 'type': 'formula', 'formula': {'type': 'number', 'number': 2.178333333333}}, '09.25h': {'id': '%7CJ%7Dh', 'type': 'number', 'number': 449}, '01.25': {'id': '%7Cue%3F', 'type': 'number', 'number': 0}, '05.25': {'id': '%7DHCq', 'type': 'number', 'number': 1.55}, 'Responsible Name': {'id': 'title', 'type': 'title', 'title': [{'type': 'text', 'text': {'content': 'Voice', 'link': None}, 'annotations': {'bold': False, 'italic': False, 'strikethrough': False, 'underline': False, 'code': False, 'color': 'default'}, 'plain_text': 'Voice', 'href': None}]}}, 'url': 'https://www.notion.so/Voice-1c73a17e5d7f8197bd97c80d6c45c3b7', 'public_url': None, 'request_id': 'ae205b71-4933-4ec9-b1eb-d73ee48d8e92'}
2025-04-01 14:18:40,414 - notion_sync - INFO - Prepared data for Mirage: {'01.25': {'number': 0.99}, '02.25': {'number': 1.31}, '03.25': {'number': 1.22}, '04.25': {'number': 2.11}, '05.25': {'number': 1.15}, '06.25': {'number': 1.35}, '07.25': {'number': 2.39}, '08.25': {'number': 1.78}, '09.25': {'number': 2.02}, '10.25': {'number': 1.62}, '11.25': {'number': 1.73}, '12.25': {'number': 1.28}, '01.26': {'number': 1.81}, '02.26': {'number': 2.13}, '03.26': {'number': 0.14}, '04.26': {'number': 0}, '05.26': {'number': 0}, '06.26': {'number': 0}, '01.25h': {'number': 129.0}, '02.25h': {'number': 170.0}, '03.25h': {'number': 158.0}, '04.25h': {'number': 274.0}, '05.25h': {'number': 150.0}, '06.25h': {'number': 176.0}, '07.25h': {'number': 311.0}, '08.25h': {'number': 231.0}, '09.25h': {'number': 262.0}, '10.25h': {'number': 211.0}, '11.25h': {'number': 225.0}, '12.25h': {'number': 167.0}, '01.26h': {'number': 235.0}, '02.26h': {'number': 277.0}, '03.26h': {'number': 18.0}, '04.26h': {'number': 0}, '05.26h': {'number': 0}, '06.26h': {'number': 0}, 'Responsible Name': {'title': [{'type': 'text', 'text': {'content': 'Mirage'}}]}}
2025-04-01 14:18:40,912 - httpx - INFO - HTTP Request: GET https://api.notion.com/v1/pages/1c73a17e-5d7f-8105-9fc3-f26afdd9c2ac "HTTP/1.1 200 OK"
2025-04-01 14:18:40,912 - notion_sync - INFO - Updating record for page 1c73a17e-5d7f-8105-9fc3-f26afdd9c2ac with data: {'01.25': {'number': 0.99}, '02.25': {'number': 1.31}, '03.25': {'number': 1.22}, '04.25': {'number': 2.11}, '05.25': {'number': 1.15}, '06.25': {'number': 1.35}, '07.25': {'number': 2.39}, '08.25': {'number': 1.78}, '09.25': {'number': 2.02}, '10.25': {'number': 1.62}, '11.25': {'number': 1.73}, '12.25': {'number': 1.28}, '01.26': {'number': 1.81}, '02.26': {'number': 2.13}, '03.26': {'number': 0.14}, '04.26': {'number': 0}, '05.26': {'number': 0}, '06.26': {'number': 0}, '01.25h': {'number': 129.0}, '02.25h': {'number': 170.0}, '03.25h': {'number': 158.0}, '04.25h': {'number': 274.0}, '05.25h': {'number': 150.0}, '06.25h': {'number': 176.0}, '07.25h': {'number': 311.0}, '08.25h': {'number': 231.0}, '09.25h': {'number': 262.0}, '10.25h': {'number': 211.0}, '11.25h': {'number': 225.0}, '12.25h': {'number': 167.0}, '01.26h': {'number': 235.0}, '02.26h': {'number': 277.0}, '03.26h': {'number': 18.0}, '04.26h': {'number': 0}, '05.26h': {'number': 0}, '06.26h': {'number': 0}}
2025-04-01 14:18:41,871 - httpx - INFO - HTTP Request: PATCH https://api.notion.com/v1/pages/1823a17e-5d7f-81eb-b604-d3d58cb94755 "HTTP/1.1 200 OK"
2025-04-01 14:18:41,872 - notion_sync - INFO - Updated record with service_id: FC-497
2025-04-01 14:18:42,014 - httpx - INFO - HTTP Request: PATCH https://api.notion.com/v1/pages/1c73a17e-5d7f-8105-9fc3-f26afdd9c2ac "HTTP/1.1 200 OK"
2025-04-01 14:18:42,015 - notion_sync - INFO - Successfully updated record for page 1c73a17e-5d7f-8105-9fc3-f26afdd9c2ac: {'object': 'page', 'id': '1c73a17e-5d7f-8105-9fc3-f26afdd9c2ac', 'created_time': '2025-03-31T11:11:00.000Z', 'last_edited_time': '2025-04-01T11:18:00.000Z', 'created_by': {'object': 'user', 'id': '5ab889be-b929-4921-9510-e76bc20cb4ec'}, 'last_edited_by': {'object': 'user', 'id': '5ab889be-b929-4921-9510-e76bc20cb4ec'}, 'cover': None, 'icon': None, 'parent': {'type': 'database_id', 'database_id': '1763a17e-5d7f-80f9-acf9-c9618f521957'}, 'archived': False, 'in_trash': False, 'properties': {'07.24': {'id': '%3BB%3DE', 'type': 'number', 'number': None}, '01.26': {'id': '%3BNDW', 'type': 'number', 'number': 1.81}, '05.26': {'id': '%3BTtF', 'type': 'number', 'number': 0}, '09.25': {'id': '%3BfV%5B', 'type': 'number', 'number': 2.02}, '07.25h': {'id': '%3CgI_', 'type': 'number', 'number': 311}, '03.26h': {'id': '%3DV%5BO', 'type': 'number', 'number': 18}, '05.25h': {'id': '%3DeNR', 'type': 'number', 'number': 150}, '10.25': {'id': '%3EWD%3D', 'type': 'number', 'number': 1.62}, '11.25h': {'id': '%3FW%7DL', 'type': 'number', 'number': 225}, '01.26h': {'id': '%40%3FtW', 'type': 'number', 'number': 235}, '06.26': {'id': 'A%60qh', 'type': 'number', 'number': 0}, '08.25h': {'id': 'Bgcm', 'type': 'number', 'number': 231}, '03.24': {'id': 'BhSh', 'type': 'number', 'number': None}, '04.25h': {'id': 'Fg%3Cs', 'type': 'number', 'number': 274}, '03.25h': {'id': 'J~Qq', 'type': 'number', 'number': 158}, '03.25': {'id': 'KvR%3E', 'type': 'number', 'number': 1.22}, '05.26h': {'id': 'L%7Bqm', 'type': 'number', 'number': 0}, '03.26': {'id': 'N%7B%3AJ', 'type': 'number', 'number': 0.14}, 'Average coef 2026': {'id': 'OJ%3Ag', 'type': 'formula', 'formula': {'type': 'number', 'number': 0.34}}, '08.25': {'id': 'UYMg', 'type': 'number', 'number': 1.78}, '11.25': {'id': 'XPF%7D', 'type': 'number', 'number': 1.73}, '01.25h': {'id': 'YOa%5B', 'type': 'number', 'number': 129}, '06.25': {'id': 'YWSK', 'type': 'number', 'number': 1.35}, '02.26h': {'id': 'Zw%7Ba', 'type': 'number', 'number': 277}, '04.24': {'id': '%5B~wc', 'type': 'number', 'number': None}, '09.26': {'id': '%5CQYt', 'type': 'number', 'number': None}, '12.24': {'id': '%5CXqN', 'type': 'number', 'number': None}, '02.25': {'id': '%5D%40gT', 'type': 'number', 'number': 1.31}, '09.24': {'id': '%5EEx_', 'type': 'number', 'number': None}, '07.25': {'id': '_LDz', 'type': 'number', 'number': 2.39}, '06.26h': {'id': 'axEE', 'type': 'number', 'number': 0}, '10.26': {'id': 'b%7BSk', 'type': 'number', 'number': None}, '10.25h': {'id': 'cS%5B%5E', 'type': 'number', 'number': 211}, 'Total h 2026': {'id': 'fOoG', 'type': 'formula', 'formula': {'type': 'number', 'number': 530}}, '12.26': {'id': 'fTZK', 'type': 'number', 'number': None}, '12.25': {'id': 'gQ%3BZ', 'type': 'number', 'number': 1.28}, '10.24': {'id': 'h%3FXO', 'type': 'number', 'number': None}, '02.25h': {'id': 'iBCE', 'type': 'number', 'number': 170}, '08.26': {'id': 'iV_G', 'type': 'number', 'number': None}, '07.26': {'id': 'jt%3Ey', 'type': 'number', 'number': None}, '11.24': {'id': 'k%7Crn', 'type': 'number', 'number': None}, '2025 Total h': {'id': 'k~zQ', 'type': 'formula', 'formula': {'type': 'number', 'number': 2464}}, '08.24': {'id': 'lr%5EY', 'type': 'number', 'number': None}, '12.25h': {'id': 'm%5B%3E%3F', 'type': 'number', 'number': 167}, '06.25h': {'id': 'o%5Dk%3B', 'type': 'number', 'number': 176}, '11.23': {'id': 'pJBV', 'type': 'number', 'number': None}, '04.25': {'id': 'qA%3Ap', 'type': 'number', 'number': 2.11}, '2025+2026 Total h': {'id': 'rGav', 'type': 'formula', 'formula': {'type': 'number', 'number': 2994}}, '04.26': {'id': 'x%5E%3E%3F', 'type': 'number', 'number': 0}, '11.26': {'id': 'xl%3Bt', 'type': 'number', 'number': None}, '02.26': {'id': 'yIkr', 'type': 'number', 'number': 2.13}, '04.26h': {'id': 'zCX_', 'type': 'number', 'number': 0}, 'Average coef 2025': {'id': 'zlfX', 'type': 'formula', 'formula': {'type': 'number', 'number': 1.579166666667}}, '09.25h': {'id': '%7CJ%7Dh', 'type': 'number', 'number': 262}, '01.25': {'id': '%7Cue%3F', 'type': 'number', 'number': 0.99}, '05.25': {'id': '%7DHCq', 'type': 'number', 'number': 1.15}, 'Responsible Name': {'id': 'title', 'type': 'title', 'title': [{'type': 'text', 'text': {'content': 'Mirage', 'link': None}, 'annotations': {'bold': False, 'italic': False, 'strikethrough': False, 'underline': False, 'code': False, 'color': 'default'}, 'plain_text': 'Mirage', 'href': None}]}}, 'url': 'https://www.notion.so/Mirage-1c73a17e5d7f81059fc3f26afdd9c2ac', 'public_url': None, 'request_id': '5305ea9e-4702-43e0-a261-e2ff8cd6e589'}
2025-04-01 14:18:42,015 - notion_sync - INFO - Prepared data for External persons: {'01.25': {'number': 0.19}, '02.25': {'number': 0.03}, '03.25': {'number': 0.4}, '04.25': {'number': 5.92}, '05.25': {'number': 0.33}, '06.25': {'number': 1.17}, '07.25': {'number': 0.57}, '08.25': {'number': 2.17}, '09.25': {'number': 0.52}, '10.25': {'number': 0.15}, '11.25': {'number': 0.26}, '12.25': {'number': 0.12}, '01.26': {'number': 0.15}, '02.26': {'number': 0.5}, '03.26': {'number': 0.48}, '04.26': {'number': 0}, '05.26': {'number': 0}, '06.26': {'number': 0}, '01.25h': {'number': 25.0}, '02.25h': {'number': 4.0}, '03.25h': {'number': 52.0}, '04.25h': {'number': 770.0}, '05.25h': {'number': 43.0}, '06.25h': {'number': 152.0}, '07.25h': {'number': 74.0}, '08.25h': {'number': 282.0}, '09.25h': {'number': 67.0}, '10.25h': {'number': 20.0}, '11.25h': {'number': 34.0}, '12.25h': {'number': 15.0}, '01.26h': {'number': 20.0}, '02.26h': {'number': 65.0}, '03.26h': {'number': 63.0}, '04.26h': {'number': 0}, '05.26h': {'number': 0}, '06.26h': {'number': 0}, 'Responsible Name': {'title': [{'type': 'text', 'text': {'content': 'External persons'}}]}}
2025-04-01 14:18:42,301 - httpx - INFO - HTTP Request: GET https://api.notion.com/v1/pages/1c73a17e-5d7f-81b0-94d7-f65ff5946f53 "HTTP/1.1 200 OK"
2025-04-01 14:18:42,302 - notion_sync - INFO - Updating record for page 1c73a17e-5d7f-81b0-94d7-f65ff5946f53 with data: {'01.25': {'number': 0.19}, '02.25': {'number': 0.03}, '03.25': {'number': 0.4}, '04.25': {'number': 5.92}, '05.25': {'number': 0.33}, '06.25': {'number': 1.17}, '07.25': {'number': 0.57}, '08.25': {'number': 2.17}, '09.25': {'number': 0.52}, '10.25': {'number': 0.15}, '11.25': {'number': 0.26}, '12.25': {'number': 0.12}, '01.26': {'number': 0.15}, '02.26': {'number': 0.5}, '03.26': {'number': 0.48}, '04.26': {'number': 0}, '05.26': {'number': 0}, '06.26': {'number': 0}, '01.25h': {'number': 25.0}, '02.25h': {'number': 4.0}, '03.25h': {'number': 52.0}, '04.25h': {'number': 770.0}, '05.25h': {'number': 43.0}, '06.25h': {'number': 152.0}, '07.25h': {'number': 74.0}, '08.25h': {'number': 282.0}, '09.25h': {'number': 67.0}, '10.25h': {'number': 20.0}, '11.25h': {'number': 34.0}, '12.25h': {'number': 15.0}, '01.26h': {'number': 20.0}, '02.26h': {'number': 65.0}, '03.26h': {'number': 63.0}, '04.26h': {'number': 0}, '05.26h': {'number': 0}, '06.26h': {'number': 0}}
2025-04-01 14:18:42,776 - httpx - INFO - HTTP Request: PATCH https://api.notion.com/v1/pages/1c73a17e-5d7f-81b0-94d7-f65ff5946f53 "HTTP/1.1 200 OK"
2025-04-01 14:18:42,777 - notion_sync - INFO - Successfully updated record for page 1c73a17e-5d7f-81b0-94d7-f65ff5946f53: {'object': 'page', 'id': '1c73a17e-5d7f-81b0-94d7-f65ff5946f53', 'created_time': '2025-03-31T11:11:00.000Z', 'last_edited_time': '2025-04-01T11:18:00.000Z', 'created_by': {'object': 'user', 'id': '5ab889be-b929-4921-9510-e76bc20cb4ec'}, 'last_edited_by': {'object': 'user', 'id': '5ab889be-b929-4921-9510-e76bc20cb4ec'}, 'cover': None, 'icon': None, 'parent': {'type': 'database_id', 'database_id': '1763a17e-5d7f-80f9-acf9-c9618f521957'}, 'archived': False, 'in_trash': False, 'properties': {'07.24': {'id': '%3BB%3DE', 'type': 'number', 'number': None}, '01.26': {'id': '%3BNDW', 'type': 'number', 'number': 0.15}, '05.26': {'id': '%3BTtF', 'type': 'number', 'number': 0}, '09.25': {'id': '%3BfV%5B', 'type': 'number', 'number': 0.52}, '07.25h': {'id': '%3CgI_', 'type': 'number', 'number': 74}, '03.26h': {'id': '%3DV%5BO', 'type': 'number', 'number': 63}, '05.25h': {'id': '%3DeNR', 'type': 'number', 'number': 43}, '10.25': {'id': '%3EWD%3D', 'type': 'number', 'number': 0.15}, '11.25h': {'id': '%3FW%7DL', 'type': 'number', 'number': 34}, '01.26h': {'id': '%40%3FtW', 'type': 'number', 'number': 20}, '06.26': {'id': 'A%60qh', 'type': 'number', 'number': 0}, '08.25h': {'id': 'Bgcm', 'type': 'number', 'number': 282}, '03.24': {'id': 'BhSh', 'type': 'number', 'number': None}, '04.25h': {'id': 'Fg%3Cs', 'type': 'number', 'number': 770}, '03.25h': {'id': 'J~Qq', 'type': 'number', 'number': 52}, '03.25': {'id': 'KvR%3E', 'type': 'number', 'number': 0.4}, '05.26h': {'id': 'L%7Bqm', 'type': 'number', 'number': 0}, '03.26': {'id': 'N%7B%3AJ', 'type': 'number', 'number': 0.48}, 'Average coef 2026': {'id': 'OJ%3Ag', 'type': 'formula', 'formula': {'type': 'number', 'number': 0.094166666667}}, '08.25': {'id': 'UYMg', 'type': 'number', 'number': 2.17}, '11.25': {'id': 'XPF%7D', 'type': 'number', 'number': 0.26}, '01.25h': {'id': 'YOa%5B', 'type': 'number', 'number': 25}, '06.25': {'id': 'YWSK', 'type': 'number', 'number': 1.17}, '02.26h': {'id': 'Zw%7Ba', 'type': 'number', 'number': 65}, '04.24': {'id': '%5B~wc', 'type': 'number', 'number': None}, '09.26': {'id': '%5CQYt', 'type': 'number', 'number': None}, '12.24': {'id': '%5CXqN', 'type': 'number', 'number': None}, '02.25': {'id': '%5D%40gT', 'type': 'number', 'number': 0.03}, '09.24': {'id': '%5EEx_', 'type': 'number', 'number': None}, '07.25': {'id': '_LDz', 'type': 'number', 'number': 0.57}, '06.26h': {'id': 'axEE', 'type': 'number', 'number': 0}, '10.26': {'id': 'b%7BSk', 'type': 'number', 'number': None}, '10.25h': {'id': 'cS%5B%5E', 'type': 'number', 'number': 20}, 'Total h 2026': {'id': 'fOoG', 'type': 'formula', 'formula': {'type': 'number', 'number': 148}}, '12.26': {'id': 'fTZK', 'type': 'number', 'number': None}, '12.25': {'id': 'gQ%3BZ', 'type': 'number', 'number': 0.12}, '10.24': {'id': 'h%3FXO', 'type': 'number', 'number': None}, '02.25h': {'id': 'iBCE', 'type': 'number', 'number': 4}, '08.26': {'id': 'iV_G', 'type': 'number', 'number': None}, '07.26': {'id': 'jt%3Ey', 'type': 'number', 'number': None}, '11.24': {'id': 'k%7Crn', 'type': 'number', 'number': None}, '2025 Total h': {'id': 'k~zQ', 'type': 'formula', 'formula': {'type': 'number', 'number': 1538}}, '08.24': {'id': 'lr%5EY', 'type': 'number', 'number': None}, '12.25h': {'id': 'm%5B%3E%3F', 'type': 'number', 'number': 15}, '06.25h': {'id': 'o%5Dk%3B', 'type': 'number', 'number': 152}, '11.23': {'id': 'pJBV', 'type': 'number', 'number': None}, '04.25': {'id': 'qA%3Ap', 'type': 'number', 'number': 5.92}, '2025+2026 Total h': {'id': 'rGav', 'type': 'formula', 'formula': {'type': 'number', 'number': 1686}}, '04.26': {'id': 'x%5E%3E%3F', 'type': 'number', 'number': 0}, '11.26': {'id': 'xl%3Bt', 'type': 'number', 'number': None}, '02.26': {'id': 'yIkr', 'type': 'number', 'number': 0.5}, '04.26h': {'id': 'zCX_', 'type': 'number', 'number': 0}, 'Average coef 2025': {'id': 'zlfX', 'type': 'formula', 'formula': {'type': 'number', 'number': 0.985833333333}}, '09.25h': {'id': '%7CJ%7Dh', 'type': 'number', 'number': 67}, '01.25': {'id': '%7Cue%3F', 'type': 'number', 'number': 0.19}, '05.25': {'id': '%7DHCq', 'type': 'number', 'number': 0.33}, 'Responsible Name': {'id': 'title', 'type': 'title', 'title': [{'type': 'text', 'text': {'content': 'External persons', 'link': None}, 'annotations': {'bold': False, 'italic': False, 'strikethrough': False, 'underline': False, 'code': False, 'color': 'default'}, 'plain_text': 'External persons', 'href': None}]}}, 'url': 'https://www.notion.so/External-persons-1c73a17e5d7f81b094d7f65ff5946f53', 'public_url': None, 'request_id': '1722411d-3a7b-4046-a45b-4df5f20d5689'}
2025-04-01 14:18:42,777 - notion_sync - INFO - Prepared data for Insomnia: {'01.25': {'number': 1.46}, '02.25': {'number': 1.65}, '03.25': {'number': 2.35}, '04.25': {'number': 2.18}, '05.25': {'number': 1.15}, '06.25': {'number': 2.78}, '07.25': {'number': 1.37}, '08.25': {'number': 1.85}, '09.25': {'number': 1.54}, '10.25': {'number': 1.95}, '11.25': {'number': 1.88}, '12.25': {'number': 3.52}, '01.26': {'number': 2.27}, '02.26': {'number': 1.06}, '03.26': {'number': 0.09}, '04.26': {'number': 0}, '05.26': {'number': 0}, '06.26': {'number': 0}, '01.25h': {'number': 190.0}, '02.25h': {'number': 215.0}, '03.25h': {'number': 306.0}, '04.25h': {'number': 284.0}, '05.25h': {'number': 150.0}, '06.25h': {'number': 361.0}, '07.25h': {'number': 178.0}, '08.25h': {'number': 240.0}, '09.25h': {'number': 200.5}, '10.25h': {'number': 253.0}, '11.25h': {'number': 244.0}, '12.25h': {'number': 457.0}, '01.26h': {'number': 294.5}, '02.26h': {'number': 138.0}, '03.26h': {'number': 12.0}, '04.26h': {'number': 0}, '05.26h': {'number': 0}, '06.26h': {'number': 0}, 'Responsible Name': {'title': [{'type': 'text', 'text': {'content': 'Insomnia'}}]}}
2025-04-01 14:18:43,532 - httpx - INFO - HTTP Request: GET https://api.notion.com/v1/pages/1c73a17e-5d7f-8101-ae77-fcc65d9959a2 "HTTP/1.1 200 OK"
2025-04-01 14:18:43,543 - notion_sync - INFO - Updating record for page 1c73a17e-5d7f-8101-ae77-fcc65d9959a2 with data: {'01.25': {'number': 1.46}, '02.25': {'number': 1.65}, '03.25': {'number': 2.35}, '04.25': {'number': 2.18}, '05.25': {'number': 1.15}, '06.25': {'number': 2.78}, '07.25': {'number': 1.37}, '08.25': {'number': 1.85}, '09.25': {'number': 1.54}, '10.25': {'number': 1.95}, '11.25': {'number': 1.88}, '12.25': {'number': 3.52}, '01.26': {'number': 2.27}, '02.26': {'number': 1.06}, '03.26': {'number': 0.09}, '04.26': {'number': 0}, '05.26': {'number': 0}, '06.26': {'number': 0}, '01.25h': {'number': 190.0}, '02.25h': {'number': 215.0}, '03.25h': {'number': 306.0}, '04.25h': {'number': 284.0}, '05.25h': {'number': 150.0}, '06.25h': {'number': 361.0}, '07.25h': {'number': 178.0}, '08.25h': {'number': 240.0}, '09.25h': {'number': 200.5}, '10.25h': {'number': 253.0}, '11.25h': {'number': 244.0}, '12.25h': {'number': 457.0}, '01.26h': {'number': 294.5}, '02.26h': {'number': 138.0}, '03.26h': {'number': 12.0}, '04.26h': {'number': 0}, '05.26h': {'number': 0}, '06.26h': {'number': 0}}
2025-04-01 14:18:43,575 - httpx - INFO - HTTP Request: POST https://api.notion.com/v1/databases/1733a17e5d7f8009bbf6d7c68b1cacf1/query "HTTP/1.1 200 OK"
2025-04-01 14:18:43,983 - httpx - INFO - HTTP Request: PATCH https://api.notion.com/v1/pages/1a73a17e-5d7f-8153-b777-e1fee098139d "HTTP/1.1 200 OK"
2025-04-01 14:18:43,984 - notion_sync - INFO - Updated record with service_id:  FC-658
2025-04-01 14:18:44,011 - httpx - INFO - HTTP Request: PATCH https://api.notion.com/v1/pages/1c73a17e-5d7f-8101-ae77-fcc65d9959a2 "HTTP/1.1 200 OK"
2025-04-01 14:18:44,011 - notion_sync - INFO - Successfully updated record for page 1c73a17e-5d7f-8101-ae77-fcc65d9959a2: {'object': 'page', 'id': '1c73a17e-5d7f-8101-ae77-fcc65d9959a2', 'created_time': '2025-03-31T11:11:00.000Z', 'last_edited_time': '2025-04-01T11:18:00.000Z', 'created_by': {'object': 'user', 'id': '5ab889be-b929-4921-9510-e76bc20cb4ec'}, 'last_edited_by': {'object': 'user', 'id': '5ab889be-b929-4921-9510-e76bc20cb4ec'}, 'cover': None, 'icon': None, 'parent': {'type': 'database_id', 'database_id': '1763a17e-5d7f-80f9-acf9-c9618f521957'}, 'archived': False, 'in_trash': False, 'properties': {'07.24': {'id': '%3BB%3DE', 'type': 'number', 'number': None}, '01.26': {'id': '%3BNDW', 'type': 'number', 'number': 2.27}, '05.26': {'id': '%3BTtF', 'type': 'number', 'number': 0}, '09.25': {'id': '%3BfV%5B', 'type': 'number', 'number': 1.54}, '07.25h': {'id': '%3CgI_', 'type': 'number', 'number': 178}, '03.26h': {'id': '%3DV%5BO', 'type': 'number', 'number': 12}, '05.25h': {'id': '%3DeNR', 'type': 'number', 'number': 150}, '10.25': {'id': '%3EWD%3D', 'type': 'number', 'number': 1.95}, '11.25h': {'id': '%3FW%7DL', 'type': 'number', 'number': 244}, '01.26h': {'id': '%40%3FtW', 'type': 'number', 'number': 294.5}, '06.26': {'id': 'A%60qh', 'type': 'number', 'number': 0}, '08.25h': {'id': 'Bgcm', 'type': 'number', 'number': 240}, '03.24': {'id': 'BhSh', 'type': 'number', 'number': None}, '04.25h': {'id': 'Fg%3Cs', 'type': 'number', 'number': 284}, '03.25h': {'id': 'J~Qq', 'type': 'number', 'number': 306}, '03.25': {'id': 'KvR%3E', 'type': 'number', 'number': 2.35}, '05.26h': {'id': 'L%7Bqm', 'type': 'number', 'number': 0}, '03.26': {'id': 'N%7B%3AJ', 'type': 'number', 'number': 0.09}, 'Average coef 2026': {'id': 'OJ%3Ag', 'type': 'formula', 'formula': {'type': 'number', 'number': 0.285}}, '08.25': {'id': 'UYMg', 'type': 'number', 'number': 1.85}, '11.25': {'id': 'XPF%7D', 'type': 'number', 'number': 1.88}, '01.25h': {'id': 'YOa%5B', 'type': 'number', 'number': 190}, '06.25': {'id': 'YWSK', 'type': 'number', 'number': 2.78}, '02.26h': {'id': 'Zw%7Ba', 'type': 'number', 'number': 138}, '04.24': {'id': '%5B~wc', 'type': 'number', 'number': None}, '09.26': {'id': '%5CQYt', 'type': 'number', 'number': None}, '12.24': {'id': '%5CXqN', 'type': 'number', 'number': None}, '02.25': {'id': '%5D%40gT', 'type': 'number', 'number': 1.65}, '09.24': {'id': '%5EEx_', 'type': 'number', 'number': None}, '07.25': {'id': '_LDz', 'type': 'number', 'number': 1.37}, '06.26h': {'id': 'axEE', 'type': 'number', 'number': 0}, '10.26': {'id': 'b%7BSk', 'type': 'number', 'number': None}, '10.25h': {'id': 'cS%5B%5E', 'type': 'number', 'number': 253}, 'Total h 2026': {'id': 'fOoG', 'type': 'formula', 'formula': {'type': 'number', 'number': 444.5}}, '12.26': {'id': 'fTZK', 'type': 'number', 'number': None}, '12.25': {'id': 'gQ%3BZ', 'type': 'number', 'number': 3.52}, '10.24': {'id': 'h%3FXO', 'type': 'number', 'number': None}, '02.25h': {'id': 'iBCE', 'type': 'number', 'number': 215}, '08.26': {'id': 'iV_G', 'type': 'number', 'number': None}, '07.26': {'id': 'jt%3Ey', 'type': 'number', 'number': None}, '11.24': {'id': 'k%7Crn', 'type': 'number', 'number': None}, '2025 Total h': {'id': 'k~zQ', 'type': 'formula', 'formula': {'type': 'number', 'number': 3078.5}}, '08.24': {'id': 'lr%5EY', 'type': 'number', 'number': None}, '12.25h': {'id': 'm%5B%3E%3F', 'type': 'number', 'number': 457}, '06.25h': {'id': 'o%5Dk%3B', 'type': 'number', 'number': 361}, '11.23': {'id': 'pJBV', 'type': 'number', 'number': None}, '04.25': {'id': 'qA%3Ap', 'type': 'number', 'number': 2.18}, '2025+2026 Total h': {'id': 'rGav', 'type': 'formula', 'formula': {'type': 'number', 'number': 3523}}, '04.26': {'id': 'x%5E%3E%3F', 'type': 'number', 'number': 0}, '11.26': {'id': 'xl%3Bt', 'type': 'number', 'number': None}, '02.26': {'id': 'yIkr', 'type': 'number', 'number': 1.06}, '04.26h': {'id': 'zCX_', 'type': 'number', 'number': 0}, 'Average coef 2025': {'id': 'zlfX', 'type': 'formula', 'formula': {'type': 'number', 'number': 1.973333333333}}, '09.25h': {'id': '%7CJ%7Dh', 'type': 'number', 'number': 200.5}, '01.25': {'id': '%7Cue%3F', 'type': 'number', 'number': 1.46}, '05.25': {'id': '%7DHCq', 'type': 'number', 'number': 1.15}, 'Responsible Name': {'id': 'title', 'type': 'title', 'title': [{'type': 'text', 'text': {'content': 'Insomnia', 'link': None}, 'annotations': {'bold': False, 'italic': False, 'strikethrough': False, 'underline': False, 'code': False, 'color': 'default'}, 'plain_text': 'Insomnia', 'href': None}]}}, 'url': 'https://www.notion.so/Insomnia-1c73a17e5d7f8101ae77fcc65d9959a2', 'public_url': None, 'request_id': '8c8af589-c892-4974-9961-4ee5deb1351c'}
2025-04-01 14:18:44,012 - notion_sync - INFO - Prepared data for Degtaria: {'01.25': {'number': 1.53}, '02.25': {'number': 1.55}, '03.25': {'number': 1.55}, '04.25': {'number': 1.64}, '05.25': {'number': 0.85}, '06.25': {'number': 0}, '07.25': {'number': 0}, '08.25': {'number': 0}, '09.25': {'number': 0}, '10.25': {'number': 0}, '11.25': {'number': 0}, '12.25': {'number': 0}, '01.26': {'number': 0}, '02.26': {'number': 0}, '03.26': {'number': 0}, '04.26': {'number': 0}, '05.26': {'number': 0}, '06.26': {'number': 0}, '01.25h': {'number': 199.45}, '02.25h': {'number': 201.45}, '03.25h': {'number': 201.35}, '04.25h': {'number': 213.85}, '05.25h': {'number': 110.0}, '06.25h': {'number': 0}, '07.25h': {'number': 0}, '08.25h': {'number': 0}, '09.25h': {'number': 0}, '10.25h': {'number': 0}, '11.25h': {'number': 0}, '12.25h': {'number': 0}, '01.26h': {'number': 0}, '02.26h': {'number': 0}, '03.26h': {'number': 0}, '04.26h': {'number': 0}, '05.26h': {'number': 0}, '06.26h': {'number': 0}, 'Responsible Name': {'title': [{'type': 'text', 'text': {'content': 'Degtaria'}}]}}
2025-04-01 14:18:44,297 - httpx - INFO - HTTP Request: GET https://api.notion.com/v1/pages/1c73a17e-5d7f-81a9-a781-c60f9520f7f8 "HTTP/1.1 200 OK"
2025-04-01 14:18:44,298 - notion_sync - INFO - Updating record for page 1c73a17e-5d7f-81a9-a781-c60f9520f7f8 with data: {'01.25': {'number': 1.53}, '02.25': {'number': 1.55}, '03.25': {'number': 1.55}, '04.25': {'number': 1.64}, '05.25': {'number': 0.85}, '06.25': {'number': 0}, '07.25': {'number': 0}, '08.25': {'number': 0}, '09.25': {'number': 0}, '10.25': {'number': 0}, '11.25': {'number': 0}, '12.25': {'number': 0}, '01.26': {'number': 0}, '02.26': {'number': 0}, '03.26': {'number': 0}, '04.26': {'number': 0}, '05.26': {'number': 0}, '06.26': {'number': 0}, '01.25h': {'number': 199.45}, '02.25h': {'number': 201.45}, '03.25h': {'number': 201.35}, '04.25h': {'number': 213.85}, '05.25h': {'number': 110.0}, '06.25h': {'number': 0}, '07.25h': {'number': 0}, '08.25h': {'number': 0}, '09.25h': {'number': 0}, '10.25h': {'number': 0}, '11.25h': {'number': 0}, '12.25h': {'number': 0}, '01.26h': {'number': 0}, '02.26h': {'number': 0}, '03.26h': {'number': 0}, '04.26h': {'number': 0}, '05.26h': {'number': 0}, '06.26h': {'number': 0}}
2025-04-01 14:18:44,399 - httpx - INFO - HTTP Request: POST https://api.notion.com/v1/databases/1733a17e5d7f8009bbf6d7c68b1cacf1/query "HTTP/1.1 200 OK"
2025-04-01 14:18:45,080 - httpx - INFO - HTTP Request: PATCH https://api.notion.com/v1/pages/1c73a17e-5d7f-81a9-a781-c60f9520f7f8 "HTTP/1.1 200 OK"
2025-04-01 14:18:45,081 - notion_sync - INFO - Successfully updated record for page 1c73a17e-5d7f-81a9-a781-c60f9520f7f8: {'object': 'page', 'id': '1c73a17e-5d7f-81a9-a781-c60f9520f7f8', 'created_time': '2025-03-31T11:11:00.000Z', 'last_edited_time': '2025-04-01T11:18:00.000Z', 'created_by': {'object': 'user', 'id': '5ab889be-b929-4921-9510-e76bc20cb4ec'}, 'last_edited_by': {'object': 'user', 'id': '5ab889be-b929-4921-9510-e76bc20cb4ec'}, 'cover': None, 'icon': None, 'parent': {'type': 'database_id', 'database_id': '1763a17e-5d7f-80f9-acf9-c9618f521957'}, 'archived': False, 'in_trash': False, 'properties': {'07.24': {'id': '%3BB%3DE', 'type': 'number', 'number': None}, '01.26': {'id': '%3BNDW', 'type': 'number', 'number': 0}, '05.26': {'id': '%3BTtF', 'type': 'number', 'number': 0}, '09.25': {'id': '%3BfV%5B', 'type': 'number', 'number': 0}, '07.25h': {'id': '%3CgI_', 'type': 'number', 'number': 0}, '03.26h': {'id': '%3DV%5BO', 'type': 'number', 'number': 0}, '05.25h': {'id': '%3DeNR', 'type': 'number', 'number': 110}, '10.25': {'id': '%3EWD%3D', 'type': 'number', 'number': 0}, '11.25h': {'id': '%3FW%7DL', 'type': 'number', 'number': 0}, '01.26h': {'id': '%40%3FtW', 'type': 'number', 'number': 0}, '06.26': {'id': 'A%60qh', 'type': 'number', 'number': 0}, '08.25h': {'id': 'Bgcm', 'type': 'number', 'number': 0}, '03.24': {'id': 'BhSh', 'type': 'number', 'number': None}, '04.25h': {'id': 'Fg%3Cs', 'type': 'number', 'number': 213.85}, '03.25h': {'id': 'J~Qq', 'type': 'number', 'number': 201.35}, '03.25': {'id': 'KvR%3E', 'type': 'number', 'number': 1.55}, '05.26h': {'id': 'L%7Bqm', 'type': 'number', 'number': 0}, '03.26': {'id': 'N%7B%3AJ', 'type': 'number', 'number': 0}, 'Average coef 2026': {'id': 'OJ%3Ag', 'type': 'formula', 'formula': {'type': 'number', 'number': 0}}, '08.25': {'id': 'UYMg', 'type': 'number', 'number': 0}, '11.25': {'id': 'XPF%7D', 'type': 'number', 'number': 0}, '01.25h': {'id': 'YOa%5B', 'type': 'number', 'number': 199.45}, '06.25': {'id': 'YWSK', 'type': 'number', 'number': 0}, '02.26h': {'id': 'Zw%7Ba', 'type': 'number', 'number': 0}, '04.24': {'id': '%5B~wc', 'type': 'number', 'number': None}, '09.26': {'id': '%5CQYt', 'type': 'number', 'number': None}, '12.24': {'id': '%5CXqN', 'type': 'number', 'number': None}, '02.25': {'id': '%5D%40gT', 'type': 'number', 'number': 1.55}, '09.24': {'id': '%5EEx_', 'type': 'number', 'number': None}, '07.25': {'id': '_LDz', 'type': 'number', 'number': 0}, '06.26h': {'id': 'axEE', 'type': 'number', 'number': 0}, '10.26': {'id': 'b%7BSk', 'type': 'number', 'number': None}, '10.25h': {'id': 'cS%5B%5E', 'type': 'number', 'number': 0}, 'Total h 2026': {'id': 'fOoG', 'type': 'formula', 'formula': {'type': 'number', 'number': 0}}, '12.26': {'id': 'fTZK', 'type': 'number', 'number': None}, '12.25': {'id': 'gQ%3BZ', 'type': 'number', 'number': 0}, '10.24': {'id': 'h%3FXO', 'type': 'number', 'number': None}, '02.25h': {'id': 'iBCE', 'type': 'number', 'number': 201.45}, '08.26': {'id': 'iV_G', 'type': 'number', 'number': None}, '07.26': {'id': 'jt%3Ey', 'type': 'number', 'number': None}, '11.24': {'id': 'k%7Crn', 'type': 'number', 'number': None}, '2025 Total h': {'id': 'k~zQ', 'type': 'formula', 'formula': {'type': 'number', 'number': 926.1}}, '08.24': {'id': 'lr%5EY', 'type': 'number', 'number': None}, '12.25h': {'id': 'm%5B%3E%3F', 'type': 'number', 'number': 0}, '06.25h': {'id': 'o%5Dk%3B', 'type': 'number', 'number': 0}, '11.23': {'id': 'pJBV', 'type': 'number', 'number': None}, '04.25': {'id': 'qA%3Ap', 'type': 'number', 'number': 1.64}, '2025+2026 Total h': {'id': 'rGav', 'type': 'formula', 'formula': {'type': 'number', 'number': 926.1}}, '04.26': {'id': 'x%5E%3E%3F', 'type': 'number', 'number': 0}, '11.26': {'id': 'xl%3Bt', 'type': 'number', 'number': None}, '02.26': {'id': 'yIkr', 'type': 'number', 'number': 0}, '04.26h': {'id': 'zCX_', 'type': 'number', 'number': 0}, 'Average coef 2025': {'id': 'zlfX', 'type': 'formula', 'formula': {'type': 'number', 'number': 0.593333333333}}, '09.25h': {'id': '%7CJ%7Dh', 'type': 'number', 'number': 0}, '01.25': {'id': '%7Cue%3F', 'type': 'number', 'number': 1.53}, '05.25': {'id': '%7DHCq', 'type': 'number', 'number': 0.85}, 'Responsible Name': {'id': 'title', 'type': 'title', 'title': [{'type': 'text', 'text': {'content': 'Degtaria', 'link': None}, 'annotations': {'bold': False, 'italic': False, 'strikethrough': False, 'underline': False, 'code': False, 'color': 'default'}, 'plain_text': 'Degtaria', 'href': None}]}}, 'url': 'https://www.notion.so/Degtaria-1c73a17e5d7f81a9a781c60f9520f7f8', 'public_url': None, 'request_id': 'f48283f7-9a08-4b00-872c-1b6c8b6654c2'}
2025-04-01 14:18:45,081 - notion_sync - INFO - Prepared data for Stamford: {'01.25': {'number': 0.08}, '02.25': {'number': 0.08}, '03.25': {'number': 0.38}, '04.25': {'number': 0.32}, '05.25': {'number': 0.58}, '06.25': {'number': 0.65}, '07.25': {'number': 0.56}, '08.25': {'number': 1.13}, '09.25': {'number': 0.38}, '10.25': {'number': 0}, '11.25': {'number': 0}, '12.25': {'number': 0}, '01.26': {'number': 0.05}, '02.26': {'number': 0.49}, '03.26': {'number': 0.9}, '04.26': {'number': 0}, '05.26': {'number': 0}, '06.26': {'number': 0}, '01.25h': {'number': 10.0}, '02.25h': {'number': 10.0}, '03.25h': {'number': 50.0}, '04.25h': {'number': 42.0}, '05.25h': {'number': 75.0}, '06.25h': {'number': 84.0}, '07.25h': {'number': 73.0}, '08.25h': {'number': 147.0}, '09.25h': {'number': 49.0}, '10.25h': {'number': 0}, '11.25h': {'number': 0}, '12.25h': {'number': 0}, '01.26h': {'number': 7.0}, '02.26h': {'number': 64.0}, '03.26h': {'number': 117.0}, '04.26h': {'number': 0}, '05.26h': {'number': 0}, '06.26h': {'number': 0}, 'Responsible Name': {'title': [{'type': 'text', 'text': {'content': 'Stamford'}}]}}
2025-04-01 14:18:45,520 - httpx - INFO - HTTP Request: PATCH https://api.notion.com/v1/pages/1ac3a17e-5d7f-810d-94dc-ea5728503ae3 "HTTP/1.1 200 OK"
2025-04-01 14:18:45,521 - notion_sync - INFO - Updated record with service_id: FC-600
2025-04-01 14:18:45,980 - httpx - INFO - HTTP Request: GET https://api.notion.com/v1/pages/1c73a17e-5d7f-818e-879b-c65abcd6c315 "HTTP/1.1 200 OK"
2025-04-01 14:18:45,981 - notion_sync - INFO - Updating record for page 1c73a17e-5d7f-818e-879b-c65abcd6c315 with data: {'01.25': {'number': 0.08}, '02.25': {'number': 0.08}, '03.25': {'number': 0.38}, '04.25': {'number': 0.32}, '05.25': {'number': 0.58}, '06.25': {'number': 0.65}, '07.25': {'number': 0.56}, '08.25': {'number': 1.13}, '09.25': {'number': 0.38}, '10.25': {'number': 0}, '11.25': {'number': 0}, '12.25': {'number': 0}, '01.26': {'number': 0.05}, '02.26': {'number': 0.49}, '03.26': {'number': 0.9}, '04.26': {'number': 0}, '05.26': {'number': 0}, '06.26': {'number': 0}, '01.25h': {'number': 10.0}, '02.25h': {'number': 10.0}, '03.25h': {'number': 50.0}, '04.25h': {'number': 42.0}, '05.25h': {'number': 75.0}, '06.25h': {'number': 84.0}, '07.25h': {'number': 73.0}, '08.25h': {'number': 147.0}, '09.25h': {'number': 49.0}, '10.25h': {'number': 0}, '11.25h': {'number': 0}, '12.25h': {'number': 0}, '01.26h': {'number': 7.0}, '02.26h': {'number': 64.0}, '03.26h': {'number': 117.0}, '04.26h': {'number': 0}, '05.26h': {'number': 0}, '06.26h': {'number': 0}}
2025-04-01 14:18:46,657 - httpx - INFO - HTTP Request: PATCH https://api.notion.com/v1/pages/1c73a17e-5d7f-818e-879b-c65abcd6c315 "HTTP/1.1 200 OK"
2025-04-01 14:18:46,658 - notion_sync - INFO - Successfully updated record for page 1c73a17e-5d7f-818e-879b-c65abcd6c315: {'object': 'page', 'id': '1c73a17e-5d7f-818e-879b-c65abcd6c315', 'created_time': '2025-03-31T11:11:00.000Z', 'last_edited_time': '2025-04-01T11:18:00.000Z', 'created_by': {'object': 'user', 'id': '5ab889be-b929-4921-9510-e76bc20cb4ec'}, 'last_edited_by': {'object': 'user', 'id': '5ab889be-b929-4921-9510-e76bc20cb4ec'}, 'cover': None, 'icon': None, 'parent': {'type': 'database_id', 'database_id': '1763a17e-5d7f-80f9-acf9-c9618f521957'}, 'archived': False, 'in_trash': False, 'properties': {'07.24': {'id': '%3BB%3DE', 'type': 'number', 'number': None}, '01.26': {'id': '%3BNDW', 'type': 'number', 'number': 0.05}, '05.26': {'id': '%3BTtF', 'type': 'number', 'number': 0}, '09.25': {'id': '%3BfV%5B', 'type': 'number', 'number': 0.38}, '07.25h': {'id': '%3CgI_', 'type': 'number', 'number': 73}, '03.26h': {'id': '%3DV%5BO', 'type': 'number', 'number': 117}, '05.25h': {'id': '%3DeNR', 'type': 'number', 'number': 75}, '10.25': {'id': '%3EWD%3D', 'type': 'number', 'number': 0}, '11.25h': {'id': '%3FW%7DL', 'type': 'number', 'number': 0}, '01.26h': {'id': '%40%3FtW', 'type': 'number', 'number': 7}, '06.26': {'id': 'A%60qh', 'type': 'number', 'number': 0}, '08.25h': {'id': 'Bgcm', 'type': 'number', 'number': 147}, '03.24': {'id': 'BhSh', 'type': 'number', 'number': None}, '04.25h': {'id': 'Fg%3Cs', 'type': 'number', 'number': 42}, '03.25h': {'id': 'J~Qq', 'type': 'number', 'number': 50}, '03.25': {'id': 'KvR%3E', 'type': 'number', 'number': 0.38}, '05.26h': {'id': 'L%7Bqm', 'type': 'number', 'number': 0}, '03.26': {'id': 'N%7B%3AJ', 'type': 'number', 'number': 0.9}, 'Average coef 2026': {'id': 'OJ%3Ag', 'type': 'formula', 'formula': {'type': 'number', 'number': 0.12}}, '08.25': {'id': 'UYMg', 'type': 'number', 'number': 1.13}, '11.25': {'id': 'XPF%7D', 'type': 'number', 'number': 0}, '01.25h': {'id': 'YOa%5B', 'type': 'number', 'number': 10}, '06.25': {'id': 'YWSK', 'type': 'number', 'number': 0.65}, '02.26h': {'id': 'Zw%7Ba', 'type': 'number', 'number': 64}, '04.24': {'id': '%5B~wc', 'type': 'number', 'number': None}, '09.26': {'id': '%5CQYt', 'type': 'number', 'number': None}, '12.24': {'id': '%5CXqN', 'type': 'number', 'number': None}, '02.25': {'id': '%5D%40gT', 'type': 'number', 'number': 0.08}, '09.24': {'id': '%5EEx_', 'type': 'number', 'number': None}, '07.25': {'id': '_LDz', 'type': 'number', 'number': 0.56}, '06.26h': {'id': 'axEE', 'type': 'number', 'number': 0}, '10.26': {'id': 'b%7BSk', 'type': 'number', 'number': None}, '10.25h': {'id': 'cS%5B%5E', 'type': 'number', 'number': 0}, 'Total h 2026': {'id': 'fOoG', 'type': 'formula', 'formula': {'type': 'number', 'number': 188}}, '12.26': {'id': 'fTZK', 'type': 'number', 'number': None}, '12.25': {'id': 'gQ%3BZ', 'type': 'number', 'number': 0}, '10.24': {'id': 'h%3FXO', 'type': 'number', 'number': None}, '02.25h': {'id': 'iBCE', 'type': 'number', 'number': 10}, '08.26': {'id': 'iV_G', 'type': 'number', 'number': None}, '07.26': {'id': 'jt%3Ey', 'type': 'number', 'number': None}, '11.24': {'id': 'k%7Crn', 'type': 'number', 'number': None}, '2025 Total h': {'id': 'k~zQ', 'type': 'formula', 'formula': {'type': 'number', 'number': 540}}, '08.24': {'id': 'lr%5EY', 'type': 'number', 'number': None}, '12.25h': {'id': 'm%5B%3E%3F', 'type': 'number', 'number': 0}, '06.25h': {'id': 'o%5Dk%3B', 'type': 'number', 'number': 84}, '11.23': {'id': 'pJBV', 'type': 'number', 'number': None}, '04.25': {'id': 'qA%3Ap', 'type': 'number', 'number': 0.32}, '2025+2026 Total h': {'id': 'rGav', 'type': 'formula', 'formula': {'type': 'number', 'number': 728}}, '04.26': {'id': 'x%5E%3E%3F', 'type': 'number', 'number': 0}, '11.26': {'id': 'xl%3Bt', 'type': 'number', 'number': None}, '02.26': {'id': 'yIkr', 'type': 'number', 'number': 0.49}, '04.26h': {'id': 'zCX_', 'type': 'number', 'number': 0}, 'Average coef 2025': {'id': 'zlfX', 'type': 'formula', 'formula': {'type': 'number', 'number': 0.346666666667}}, '09.25h': {'id': '%7CJ%7Dh', 'type': 'number', 'number': 49}, '01.25': {'id': '%7Cue%3F', 'type': 'number', 'number': 0.08}, '05.25': {'id': '%7DHCq', 'type': 'number', 'number': 0.58}, 'Responsible Name': {'id': 'title', 'type': 'title', 'title': [{'type': 'text', 'text': {'content': 'Stamford', 'link': None}, 'annotations': {'bold': False, 'italic': False, 'strikethrough': False, 'underline': False, 'code': False, 'color': 'default'}, 'plain_text': 'Stamford', 'href': None}]}}, 'url': 'https://www.notion.so/Stamford-1c73a17e5d7f818e879bc65abcd6c315', 'public_url': None, 'request_id': 'e0700455-96fe-47ef-8df3-7f21aeb06273'}
2025-04-01 14:18:46,659 - notion_sync - INFO - Prepared data for Vert: {'01.25': {'number': 0.51}, '02.25': {'number': 0.48}, '03.25': {'number': 0.48}, '04.25': {'number': 0.46}, '05.25': {'number': 0.93}, '06.25': {'number': 0.88}, '07.25': {'number': 0.15}, '08.25': {'number': 0.03}, '09.25': {'number': 0.34}, '10.25': {'number': 0.11}, '11.25': {'number': 0.38}, '12.25': {'number': 0}, '01.26': {'number': 0}, '02.26': {'number': 0.27}, '03.26': {'number': 0.01}, '04.26': {'number': 0}, '05.26': {'number': 0}, '06.26': {'number': 0}, '01.25h': {'number': 66.25}, '02.25h': {'number': 63.0}, '03.25h': {'number': 63.0}, '04.25h': {'number': 60.0}, '05.25h': {'number': 121.5}, '06.25h': {'number': 114.0}, '07.25h': {'number': 20.0}, '08.25h': {'number': 4.0}, '09.25h': {'number': 44.0}, '10.25h': {'number': 14.0}, '11.25h': {'number': 50.0}, '12.25h': {'number': 0}, '01.26h': {'number': 0}, '02.26h': {'number': 35.0}, '03.26h': {'number': 1.0}, '04.26h': {'number': 0}, '05.26h': {'number': 0}, '06.26h': {'number': 0}, 'Responsible Name': {'title': [{'type': 'text', 'text': {'content': 'Vert'}}]}}
2025-04-01 14:18:46,973 - httpx - INFO - HTTP Request: GET https://api.notion.com/v1/pages/1c73a17e-5d7f-8172-815c-f3a0bb931657 "HTTP/1.1 200 OK"
2025-04-01 14:18:46,975 - notion_sync - INFO - Updating record for page 1c73a17e-5d7f-8172-815c-f3a0bb931657 with data: {'01.25': {'number': 0.51}, '02.25': {'number': 0.48}, '03.25': {'number': 0.48}, '04.25': {'number': 0.46}, '05.25': {'number': 0.93}, '06.25': {'number': 0.88}, '07.25': {'number': 0.15}, '08.25': {'number': 0.03}, '09.25': {'number': 0.34}, '10.25': {'number': 0.11}, '11.25': {'number': 0.38}, '12.25': {'number': 0}, '01.26': {'number': 0}, '02.26': {'number': 0.27}, '03.26': {'number': 0.01}, '04.26': {'number': 0}, '05.26': {'number': 0}, '06.26': {'number': 0}, '01.25h': {'number': 66.25}, '02.25h': {'number': 63.0}, '03.25h': {'number': 63.0}, '04.25h': {'number': 60.0}, '05.25h': {'number': 121.5}, '06.25h': {'number': 114.0}, '07.25h': {'number': 20.0}, '08.25h': {'number': 4.0}, '09.25h': {'number': 44.0}, '10.25h': {'number': 14.0}, '11.25h': {'number': 50.0}, '12.25h': {'number': 0}, '01.26h': {'number': 0}, '02.26h': {'number': 35.0}, '03.26h': {'number': 1.0}, '04.26h': {'number': 0}, '05.26h': {'number': 0}, '06.26h': {'number': 0}}
2025-04-01 14:18:47,741 - httpx - INFO - HTTP Request: PATCH https://api.notion.com/v1/pages/1c73a17e-5d7f-8172-815c-f3a0bb931657 "HTTP/1.1 200 OK"
2025-04-01 14:18:47,742 - notion_sync - INFO - Successfully updated record for page 1c73a17e-5d7f-8172-815c-f3a0bb931657: {'object': 'page', 'id': '1c73a17e-5d7f-8172-815c-f3a0bb931657', 'created_time': '2025-03-31T11:11:00.000Z', 'last_edited_time': '2025-04-01T11:18:00.000Z', 'created_by': {'object': 'user', 'id': '5ab889be-b929-4921-9510-e76bc20cb4ec'}, 'last_edited_by': {'object': 'user', 'id': '5ab889be-b929-4921-9510-e76bc20cb4ec'}, 'cover': None, 'icon': None, 'parent': {'type': 'database_id', 'database_id': '1763a17e-5d7f-80f9-acf9-c9618f521957'}, 'archived': False, 'in_trash': False, 'properties': {'07.24': {'id': '%3BB%3DE', 'type': 'number', 'number': None}, '01.26': {'id': '%3BNDW', 'type': 'number', 'number': 0}, '05.26': {'id': '%3BTtF', 'type': 'number', 'number': 0}, '09.25': {'id': '%3BfV%5B', 'type': 'number', 'number': 0.34}, '07.25h': {'id': '%3CgI_', 'type': 'number', 'number': 20}, '03.26h': {'id': '%3DV%5BO', 'type': 'number', 'number': 1}, '05.25h': {'id': '%3DeNR', 'type': 'number', 'number': 121.5}, '10.25': {'id': '%3EWD%3D', 'type': 'number', 'number': 0.11}, '11.25h': {'id': '%3FW%7DL', 'type': 'number', 'number': 50}, '01.26h': {'id': '%40%3FtW', 'type': 'number', 'number': 0}, '06.26': {'id': 'A%60qh', 'type': 'number', 'number': 0}, '08.25h': {'id': 'Bgcm', 'type': 'number', 'number': 4}, '03.24': {'id': 'BhSh', 'type': 'number', 'number': None}, '04.25h': {'id': 'Fg%3Cs', 'type': 'number', 'number': 60}, '03.25h': {'id': 'J~Qq', 'type': 'number', 'number': 63}, '03.25': {'id': 'KvR%3E', 'type': 'number', 'number': 0.48}, '05.26h': {'id': 'L%7Bqm', 'type': 'number', 'number': 0}, '03.26': {'id': 'N%7B%3AJ', 'type': 'number', 'number': 0.01}, 'Average coef 2026': {'id': 'OJ%3Ag', 'type': 'formula', 'formula': {'type': 'number', 'number': 0.023333333333}}, '08.25': {'id': 'UYMg', 'type': 'number', 'number': 0.03}, '11.25': {'id': 'XPF%7D', 'type': 'number', 'number': 0.38}, '01.25h': {'id': 'YOa%5B', 'type': 'number', 'number': 66.25}, '06.25': {'id': 'YWSK', 'type': 'number', 'number': 0.88}, '02.26h': {'id': 'Zw%7Ba', 'type': 'number', 'number': 35}, '04.24': {'id': '%5B~wc', 'type': 'number', 'number': None}, '09.26': {'id': '%5CQYt', 'type': 'number', 'number': None}, '12.24': {'id': '%5CXqN', 'type': 'number', 'number': None}, '02.25': {'id': '%5D%40gT', 'type': 'number', 'number': 0.48}, '09.24': {'id': '%5EEx_', 'type': 'number', 'number': None}, '07.25': {'id': '_LDz', 'type': 'number', 'number': 0.15}, '06.26h': {'id': 'axEE', 'type': 'number', 'number': 0}, '10.26': {'id': 'b%7BSk', 'type': 'number', 'number': None}, '10.25h': {'id': 'cS%5B%5E', 'type': 'number', 'number': 14}, 'Total h 2026': {'id': 'fOoG', 'type': 'formula', 'formula': {'type': 'number', 'number': 36}}, '12.26': {'id': 'fTZK', 'type': 'number', 'number': None}, '12.25': {'id': 'gQ%3BZ', 'type': 'number', 'number': 0}, '10.24': {'id': 'h%3FXO', 'type': 'number', 'number': None}, '02.25h': {'id': 'iBCE', 'type': 'number', 'number': 63}, '08.26': {'id': 'iV_G', 'type': 'number', 'number': None}, '07.26': {'id': 'jt%3Ey', 'type': 'number', 'number': None}, '11.24': {'id': 'k%7Crn', 'type': 'number', 'number': None}, '2025 Total h': {'id': 'k~zQ', 'type': 'formula', 'formula': {'type': 'number', 'number': 619.75}}, '08.24': {'id': 'lr%5EY', 'type': 'number', 'number': None}, '12.25h': {'id': 'm%5B%3E%3F', 'type': 'number', 'number': 0}, '06.25h': {'id': 'o%5Dk%3B', 'type': 'number', 'number': 114}, '11.23': {'id': 'pJBV', 'type': 'number', 'number': None}, '04.25': {'id': 'qA%3Ap', 'type': 'number', 'number': 0.46}, '2025+2026 Total h': {'id': 'rGav', 'type': 'formula', 'formula': {'type': 'number', 'number': 655.75}}, '04.26': {'id': 'x%5E%3E%3F', 'type': 'number', 'number': 0}, '11.26': {'id': 'xl%3Bt', 'type': 'number', 'number': None}, '02.26': {'id': 'yIkr', 'type': 'number', 'number': 0.27}, '04.26h': {'id': 'zCX_', 'type': 'number', 'number': 0}, 'Average coef 2025': {'id': 'zlfX', 'type': 'formula', 'formula': {'type': 'number', 'number': 0.395833333333}}, '09.25h': {'id': '%7CJ%7Dh', 'type': 'number', 'number': 44}, '01.25': {'id': '%7Cue%3F', 'type': 'number', 'number': 0.51}, '05.25': {'id': '%7DHCq', 'type': 'number', 'number': 0.93}, 'Responsible Name': {'id': 'title', 'type': 'title', 'title': [{'type': 'text', 'text': {'content': 'Vert', 'link': None}, 'annotations': {'bold': False, 'italic': False, 'strikethrough': False, 'underline': False, 'code': False, 'color': 'default'}, 'plain_text': 'Vert', 'href': None}]}}, 'url': 'https://www.notion.so/Vert-1c73a17e5d7f8172815cf3a0bb931657', 'public_url': None, 'request_id': 'a3cbb3e2-87ac-4aad-b625-b1c33dc47d69'}
2025-04-01 14:18:47,743 - notion_sync - INFO - Prepared data for Lunna: {'01.25': {'number': 0.6}, '02.25': {'number': 0.59}, '03.25': {'number': 0.59}, '04.25': {'number': 0.74}, '05.25': {'number': 0.31}, '06.25': {'number': 0.23}, '07.25': {'number': 1.23}, '08.25': {'number': 0.31}, '09.25': {'number': 0.01}, '10.25': {'number': 0.02}, '11.25': {'number': 0.85}, '12.25': {'number': 0.15}, '01.26': {'number': 0}, '02.26': {'number': 0.31}, '03.26': {'number': 0.02}, '04.26': {'number': 0}, '05.26': {'number': 0}, '06.26': {'number': 0}, '01.25h': {'number': 77.5}, '02.25h': {'number': 76.5}, '03.25h': {'number': 76.5}, '04.25h': {'number': 96.5}, '05.25h': {'number': 40.0}, '06.25h': {'number': 30.0}, '07.25h': {'number': 160.0}, '08.25h': {'number': 40.0}, '09.25h': {'number': 1.0}, '10.25h': {'number': 2.0}, '11.25h': {'number': 110.0}, '12.25h': {'number': 20.0}, '01.26h': {'number': 0}, '02.26h': {'number': 40.0}, '03.26h': {'number': 2.0}, '04.26h': {'number': 0}, '05.26h': {'number': 0}, '06.26h': {'number': 0}, 'Responsible Name': {'title': [{'type': 'text', 'text': {'content': 'Lunna'}}]}}
2025-04-01 14:18:48,730 - httpx - INFO - HTTP Request: GET https://api.notion.com/v1/pages/1c73a17e-5d7f-811b-a571-e6005ba04a88 "HTTP/1.1 200 OK"
2025-04-01 14:18:48,731 - notion_sync - INFO - Updating record for page 1c73a17e-5d7f-811b-a571-e6005ba04a88 with data: {'01.25': {'number': 0.6}, '02.25': {'number': 0.59}, '03.25': {'number': 0.59}, '04.25': {'number': 0.74}, '05.25': {'number': 0.31}, '06.25': {'number': 0.23}, '07.25': {'number': 1.23}, '08.25': {'number': 0.31}, '09.25': {'number': 0.01}, '10.25': {'number': 0.02}, '11.25': {'number': 0.85}, '12.25': {'number': 0.15}, '01.26': {'number': 0}, '02.26': {'number': 0.31}, '03.26': {'number': 0.02}, '04.26': {'number': 0}, '05.26': {'number': 0}, '06.26': {'number': 0}, '01.25h': {'number': 77.5}, '02.25h': {'number': 76.5}, '03.25h': {'number': 76.5}, '04.25h': {'number': 96.5}, '05.25h': {'number': 40.0}, '06.25h': {'number': 30.0}, '07.25h': {'number': 160.0}, '08.25h': {'number': 40.0}, '09.25h': {'number': 1.0}, '10.25h': {'number': 2.0}, '11.25h': {'number': 110.0}, '12.25h': {'number': 20.0}, '01.26h': {'number': 0}, '02.26h': {'number': 40.0}, '03.26h': {'number': 2.0}, '04.26h': {'number': 0}, '05.26h': {'number': 0}, '06.26h': {'number': 0}}
2025-04-01 14:18:49,233 - httpx - INFO - HTTP Request: PATCH https://api.notion.com/v1/pages/1c73a17e-5d7f-811b-a571-e6005ba04a88 "HTTP/1.1 200 OK"
2025-04-01 14:18:49,234 - notion_sync - INFO - Successfully updated record for page 1c73a17e-5d7f-811b-a571-e6005ba04a88: {'object': 'page', 'id': '1c73a17e-5d7f-811b-a571-e6005ba04a88', 'created_time': '2025-03-31T11:11:00.000Z', 'last_edited_time': '2025-04-01T11:18:00.000Z', 'created_by': {'object': 'user', 'id': '5ab889be-b929-4921-9510-e76bc20cb4ec'}, 'last_edited_by': {'object': 'user', 'id': '5ab889be-b929-4921-9510-e76bc20cb4ec'}, 'cover': None, 'icon': None, 'parent': {'type': 'database_id', 'database_id': '1763a17e-5d7f-80f9-acf9-c9618f521957'}, 'archived': False, 'in_trash': False, 'properties': {'07.24': {'id': '%3BB%3DE', 'type': 'number', 'number': None}, '01.26': {'id': '%3BNDW', 'type': 'number', 'number': 0}, '05.26': {'id': '%3BTtF', 'type': 'number', 'number': 0}, '09.25': {'id': '%3BfV%5B', 'type': 'number', 'number': 0.01}, '07.25h': {'id': '%3CgI_', 'type': 'number', 'number': 160}, '03.26h': {'id': '%3DV%5BO', 'type': 'number', 'number': 2}, '05.25h': {'id': '%3DeNR', 'type': 'number', 'number': 40}, '10.25': {'id': '%3EWD%3D', 'type': 'number', 'number': 0.02}, '11.25h': {'id': '%3FW%7DL', 'type': 'number', 'number': 110}, '01.26h': {'id': '%40%3FtW', 'type': 'number', 'number': 0}, '06.26': {'id': 'A%60qh', 'type': 'number', 'number': 0}, '08.25h': {'id': 'Bgcm', 'type': 'number', 'number': 40}, '03.24': {'id': 'BhSh', 'type': 'number', 'number': None}, '04.25h': {'id': 'Fg%3Cs', 'type': 'number', 'number': 96.5}, '03.25h': {'id': 'J~Qq', 'type': 'number', 'number': 76.5}, '03.25': {'id': 'KvR%3E', 'type': 'number', 'number': 0.59}, '05.26h': {'id': 'L%7Bqm', 'type': 'number', 'number': 0}, '03.26': {'id': 'N%7B%3AJ', 'type': 'number', 'number': 0.02}, 'Average coef 2026': {'id': 'OJ%3Ag', 'type': 'formula', 'formula': {'type': 'number', 'number': 0.0275}}, '08.25': {'id': 'UYMg', 'type': 'number', 'number': 0.31}, '11.25': {'id': 'XPF%7D', 'type': 'number', 'number': 0.85}, '01.25h': {'id': 'YOa%5B', 'type': 'number', 'number': 77.5}, '06.25': {'id': 'YWSK', 'type': 'number', 'number': 0.23}, '02.26h': {'id': 'Zw%7Ba', 'type': 'number', 'number': 40}, '04.24': {'id': '%5B~wc', 'type': 'number', 'number': None}, '09.26': {'id': '%5CQYt', 'type': 'number', 'number': None}, '12.24': {'id': '%5CXqN', 'type': 'number', 'number': None}, '02.25': {'id': '%5D%40gT', 'type': 'number', 'number': 0.59}, '09.24': {'id': '%5EEx_', 'type': 'number', 'number': None}, '07.25': {'id': '_LDz', 'type': 'number', 'number': 1.23}, '06.26h': {'id': 'axEE', 'type': 'number', 'number': 0}, '10.26': {'id': 'b%7BSk', 'type': 'number', 'number': None}, '10.25h': {'id': 'cS%5B%5E', 'type': 'number', 'number': 2}, 'Total h 2026': {'id': 'fOoG', 'type': 'formula', 'formula': {'type': 'number', 'number': 42}}, '12.26': {'id': 'fTZK', 'type': 'number', 'number': None}, '12.25': {'id': 'gQ%3BZ', 'type': 'number', 'number': 0.15}, '10.24': {'id': 'h%3FXO', 'type': 'number', 'number': None}, '02.25h': {'id': 'iBCE', 'type': 'number', 'number': 76.5}, '08.26': {'id': 'iV_G', 'type': 'number', 'number': None}, '07.26': {'id': 'jt%3Ey', 'type': 'number', 'number': None}, '11.24': {'id': 'k%7Crn', 'type': 'number', 'number': None}, '2025 Total h': {'id': 'k~zQ', 'type': 'formula', 'formula': {'type': 'number', 'number': 730}}, '08.24': {'id': 'lr%5EY', 'type': 'number', 'number': None}, '12.25h': {'id': 'm%5B%3E%3F', 'type': 'number', 'number': 20}, '06.25h': {'id': 'o%5Dk%3B', 'type': 'number', 'number': 30}, '11.23': {'id': 'pJBV', 'type': 'number', 'number': None}, '04.25': {'id': 'qA%3Ap', 'type': 'number', 'number': 0.74}, '2025+2026 Total h': {'id': 'rGav', 'type': 'formula', 'formula': {'type': 'number', 'number': 772}}, '04.26': {'id': 'x%5E%3E%3F', 'type': 'number', 'number': 0}, '11.26': {'id': 'xl%3Bt', 'type': 'number', 'number': None}, '02.26': {'id': 'yIkr', 'type': 'number', 'number': 0.31}, '04.26h': {'id': 'zCX_', 'type': 'number', 'number': 0}, 'Average coef 2025': {'id': 'zlfX', 'type': 'formula', 'formula': {'type': 'number', 'number': 0.469166666667}}, '09.25h': {'id': '%7CJ%7Dh', 'type': 'number', 'number': 1}, '01.25': {'id': '%7Cue%3F', 'type': 'number', 'number': 0.6}, '05.25': {'id': '%7DHCq', 'type': 'number', 'number': 0.31}, 'Responsible Name': {'id': 'title', 'type': 'title', 'title': [{'type': 'text', 'text': {'content': 'Lunna', 'link': None}, 'annotations': {'bold': False, 'italic': False, 'strikethrough': False, 'underline': False, 'code': False, 'color': 'default'}, 'plain_text': 'Lunna', 'href': None}]}}, 'url': 'https://www.notion.so/Lunna-1c73a17e5d7f811ba571e6005ba04a88', 'public_url': None, 'request_id': 'de780051-5aaa-423d-96f8-97dfe488f3e9'}
2025-04-01 14:18:49,234 - notion_sync - INFO - Prepared data for Ernesto: {'01.25': {'number': 0.48}, '02.25': {'number': 0.48}, '03.25': {'number': 0.56}, '04.25': {'number': 0.48}, '05.25': {'number': 0.96}, '06.25': {'number': 0.85}, '07.25': {'number': 0}, '08.25': {'number': 0.23}, '09.25': {'number': 0.08}, '10.25': {'number': 0}, '11.25': {'number': 0}, '12.25': {'number': 0}, '01.26': {'number': 0}, '02.26': {'number': 0.63}, '03.26': {'number': 0}, '04.26': {'number': 0}, '05.26': {'number': 0}, '06.26': {'number': 0}, '01.25h': {'number': 63.0}, '02.25h': {'number': 63.0}, '03.25h': {'number': 72.75}, '04.25h': {'number': 62.75}, '05.25h': {'number': 125.0}, '06.25h': {'number': 110.0}, '07.25h': {'number': 0}, '08.25h': {'number': 30.0}, '09.25h': {'number': 11.0}, '10.25h': {'number': 0}, '11.25h': {'number': 0}, '12.25h': {'number': 0}, '01.26h': {'number': 0}, '02.26h': {'number': 82.0}, '03.26h': {'number': 0}, '04.26h': {'number': 0}, '05.26h': {'number': 0}, '06.26h': {'number': 0}, 'Responsible Name': {'title': [{'type': 'text', 'text': {'content': 'Ernesto'}}]}}
2025-04-01 14:18:49,584 - httpx - INFO - HTTP Request: GET https://api.notion.com/v1/pages/1c73a17e-5d7f-8112-8e83-ca151ef0c5bf "HTTP/1.1 200 OK"
2025-04-01 14:18:49,585 - notion_sync - INFO - Updating record for page 1c73a17e-5d7f-8112-8e83-ca151ef0c5bf with data: {'01.25': {'number': 0.48}, '02.25': {'number': 0.48}, '03.25': {'number': 0.56}, '04.25': {'number': 0.48}, '05.25': {'number': 0.96}, '06.25': {'number': 0.85}, '07.25': {'number': 0}, '08.25': {'number': 0.23}, '09.25': {'number': 0.08}, '10.25': {'number': 0}, '11.25': {'number': 0}, '12.25': {'number': 0}, '01.26': {'number': 0}, '02.26': {'number': 0.63}, '03.26': {'number': 0}, '04.26': {'number': 0}, '05.26': {'number': 0}, '06.26': {'number': 0}, '01.25h': {'number': 63.0}, '02.25h': {'number': 63.0}, '03.25h': {'number': 72.75}, '04.25h': {'number': 62.75}, '05.25h': {'number': 125.0}, '06.25h': {'number': 110.0}, '07.25h': {'number': 0}, '08.25h': {'number': 30.0}, '09.25h': {'number': 11.0}, '10.25h': {'number': 0}, '11.25h': {'number': 0}, '12.25h': {'number': 0}, '01.26h': {'number': 0}, '02.26h': {'number': 82.0}, '03.26h': {'number': 0}, '04.26h': {'number': 0}, '05.26h': {'number': 0}, '06.26h': {'number': 0}}
2025-04-01 14:18:50,501 - httpx - INFO - HTTP Request: PATCH https://api.notion.com/v1/pages/1c73a17e-5d7f-8112-8e83-ca151ef0c5bf "HTTP/1.1 200 OK"
2025-04-01 14:18:50,502 - notion_sync - INFO - Successfully updated record for page 1c73a17e-5d7f-8112-8e83-ca151ef0c5bf: {'object': 'page', 'id': '1c73a17e-5d7f-8112-8e83-ca151ef0c5bf', 'created_time': '2025-03-31T11:11:00.000Z', 'last_edited_time': '2025-04-01T11:18:00.000Z', 'created_by': {'object': 'user', 'id': '5ab889be-b929-4921-9510-e76bc20cb4ec'}, 'last_edited_by': {'object': 'user', 'id': '5ab889be-b929-4921-9510-e76bc20cb4ec'}, 'cover': None, 'icon': None, 'parent': {'type': 'database_id', 'database_id': '1763a17e-5d7f-80f9-acf9-c9618f521957'}, 'archived': False, 'in_trash': False, 'properties': {'07.24': {'id': '%3BB%3DE', 'type': 'number', 'number': None}, '01.26': {'id': '%3BNDW', 'type': 'number', 'number': 0}, '05.26': {'id': '%3BTtF', 'type': 'number', 'number': 0}, '09.25': {'id': '%3BfV%5B', 'type': 'number', 'number': 0.08}, '07.25h': {'id': '%3CgI_', 'type': 'number', 'number': 0}, '03.26h': {'id': '%3DV%5BO', 'type': 'number', 'number': 0}, '05.25h': {'id': '%3DeNR', 'type': 'number', 'number': 125}, '10.25': {'id': '%3EWD%3D', 'type': 'number', 'number': 0}, '11.25h': {'id': '%3FW%7DL', 'type': 'number', 'number': 0}, '01.26h': {'id': '%40%3FtW', 'type': 'number', 'number': 0}, '06.26': {'id': 'A%60qh', 'type': 'number', 'number': 0}, '08.25h': {'id': 'Bgcm', 'type': 'number', 'number': 30}, '03.24': {'id': 'BhSh', 'type': 'number', 'number': None}, '04.25h': {'id': 'Fg%3Cs', 'type': 'number', 'number': 62.75}, '03.25h': {'id': 'J~Qq', 'type': 'number', 'number': 72.75}, '03.25': {'id': 'KvR%3E', 'type': 'number', 'number': 0.56}, '05.26h': {'id': 'L%7Bqm', 'type': 'number', 'number': 0}, '03.26': {'id': 'N%7B%3AJ', 'type': 'number', 'number': 0}, 'Average coef 2026': {'id': 'OJ%3Ag', 'type': 'formula', 'formula': {'type': 'number', 'number': 0.0525}}, '08.25': {'id': 'UYMg', 'type': 'number', 'number': 0.23}, '11.25': {'id': 'XPF%7D', 'type': 'number', 'number': 0}, '01.25h': {'id': 'YOa%5B', 'type': 'number', 'number': 63}, '06.25': {'id': 'YWSK', 'type': 'number', 'number': 0.85}, '02.26h': {'id': 'Zw%7Ba', 'type': 'number', 'number': 82}, '04.24': {'id': '%5B~wc', 'type': 'number', 'number': None}, '09.26': {'id': '%5CQYt', 'type': 'number', 'number': None}, '12.24': {'id': '%5CXqN', 'type': 'number', 'number': None}, '02.25': {'id': '%5D%40gT', 'type': 'number', 'number': 0.48}, '09.24': {'id': '%5EEx_', 'type': 'number', 'number': None}, '07.25': {'id': '_LDz', 'type': 'number', 'number': 0}, '06.26h': {'id': 'axEE', 'type': 'number', 'number': 0}, '10.26': {'id': 'b%7BSk', 'type': 'number', 'number': None}, '10.25h': {'id': 'cS%5B%5E', 'type': 'number', 'number': 0}, 'Total h 2026': {'id': 'fOoG', 'type': 'formula', 'formula': {'type': 'number', 'number': 82}}, '12.26': {'id': 'fTZK', 'type': 'number', 'number': None}, '12.25': {'id': 'gQ%3BZ', 'type': 'number', 'number': 0}, '10.24': {'id': 'h%3FXO', 'type': 'number', 'number': None}, '02.25h': {'id': 'iBCE', 'type': 'number', 'number': 63}, '08.26': {'id': 'iV_G', 'type': 'number', 'number': None}, '07.26': {'id': 'jt%3Ey', 'type': 'number', 'number': None}, '11.24': {'id': 'k%7Crn', 'type': 'number', 'number': None}, '2025 Total h': {'id': 'k~zQ', 'type': 'formula', 'formula': {'type': 'number', 'number': 537.5}}, '08.24': {'id': 'lr%5EY', 'type': 'number', 'number': None}, '12.25h': {'id': 'm%5B%3E%3F', 'type': 'number', 'number': 0}, '06.25h': {'id': 'o%5Dk%3B', 'type': 'number', 'number': 110}, '11.23': {'id': 'pJBV', 'type': 'number', 'number': None}, '04.25': {'id': 'qA%3Ap', 'type': 'number', 'number': 0.48}, '2025+2026 Total h': {'id': 'rGav', 'type': 'formula', 'formula': {'type': 'number', 'number': 619.5}}, '04.26': {'id': 'x%5E%3E%3F', 'type': 'number', 'number': 0}, '11.26': {'id': 'xl%3Bt', 'type': 'number', 'number': None}, '02.26': {'id': 'yIkr', 'type': 'number', 'number': 0.63}, '04.26h': {'id': 'zCX_', 'type': 'number', 'number': 0}, 'Average coef 2025': {'id': 'zlfX', 'type': 'formula', 'formula': {'type': 'number', 'number': 0.343333333333}}, '09.25h': {'id': '%7CJ%7Dh', 'type': 'number', 'number': 11}, '01.25': {'id': '%7Cue%3F', 'type': 'number', 'number': 0.48}, '05.25': {'id': '%7DHCq', 'type': 'number', 'number': 0.96}, 'Responsible Name': {'id': 'title', 'type': 'title', 'title': [{'type': 'text', 'text': {'content': 'Ernesto', 'link': None}, 'annotations': {'bold': False, 'italic': False, 'strikethrough': False, 'underline': False, 'code': False, 'color': 'default'}, 'plain_text': 'Ernesto', 'href': None}]}}, 'url': 'https://www.notion.so/Ernesto-1c73a17e5d7f81128e83ca151ef0c5bf', 'public_url': None, 'request_id': '094c56b9-d437-4f17-b318-38d5e8f14f24'}
2025-04-01 14:18:50,502 - notion_sync - INFO - Prepared data for Sense: {'01.25': {'number': 0.68}, '02.25': {'number': 0.7}, '03.25': {'number': 1.08}, '04.25': {'number': 0.71}, '05.25': {'number': 0.77}, '06.25': {'number': 1.23}, '07.25': {'number': 1.08}, '08.25': {'number': 0}, '09.25': {'number': 0}, '10.25': {'number': 0}, '11.25': {'number': 0.39}, '12.25': {'number': 0.48}, '01.26': {'number': 0.47}, '02.26': {'number': 0}, '03.26': {'number': 0}, '04.26': {'number': 0}, '05.26': {'number': 0}, '06.26': {'number': 0}, '01.25h': {'number': 88.0}, '02.25h': {'number': 91.5}, '03.25h': {'number': 140.7}, '04.25h': {'number': 92.0}, '05.25h': {'number': 100.0}, '06.25h': {'number': 160.0}, '07.25h': {'number': 140.0}, '08.25h': {'number': 0}, '09.25h': {'number': 0}, '10.25h': {'number': 0}, '11.25h': {'number': 51.0}, '12.25h': {'number': 62.0}, '01.26h': {'number': 61.0}, '02.26h': {'number': 0}, '03.26h': {'number': 0}, '04.26h': {'number': 0}, '05.26h': {'number': 0}, '06.26h': {'number': 0}, 'Responsible Name': {'title': [{'type': 'text', 'text': {'content': 'Sense'}}]}}
2025-04-01 14:18:50,804 - httpx - INFO - HTTP Request: GET https://api.notion.com/v1/pages/1c73a17e-5d7f-81d8-bf20-cf9be6ba99dd "HTTP/1.1 200 OK"
2025-04-01 14:18:50,805 - notion_sync - INFO - Updating record for page 1c73a17e-5d7f-81d8-bf20-cf9be6ba99dd with data: {'01.25': {'number': 0.68}, '02.25': {'number': 0.7}, '03.25': {'number': 1.08}, '04.25': {'number': 0.71}, '05.25': {'number': 0.77}, '06.25': {'number': 1.23}, '07.25': {'number': 1.08}, '08.25': {'number': 0}, '09.25': {'number': 0}, '10.25': {'number': 0}, '11.25': {'number': 0.39}, '12.25': {'number': 0.48}, '01.26': {'number': 0.47}, '02.26': {'number': 0}, '03.26': {'number': 0}, '04.26': {'number': 0}, '05.26': {'number': 0}, '06.26': {'number': 0}, '01.25h': {'number': 88.0}, '02.25h': {'number': 91.5}, '03.25h': {'number': 140.7}, '04.25h': {'number': 92.0}, '05.25h': {'number': 100.0}, '06.25h': {'number': 160.0}, '07.25h': {'number': 140.0}, '08.25h': {'number': 0}, '09.25h': {'number': 0}, '10.25h': {'number': 0}, '11.25h': {'number': 51.0}, '12.25h': {'number': 62.0}, '01.26h': {'number': 61.0}, '02.26h': {'number': 0}, '03.26h': {'number': 0}, '04.26h': {'number': 0}, '05.26h': {'number': 0}, '06.26h': {'number': 0}}
2025-04-01 14:18:51,066 - httpx - INFO - HTTP Request: POST https://api.notion.com/v1/databases/1733a17e5d7f8009bbf6d7c68b1cacf1/query "HTTP/1.1 200 OK"
2025-04-01 14:18:51,411 - httpx - INFO - HTTP Request: PATCH https://api.notion.com/v1/pages/1c73a17e-5d7f-81d8-bf20-cf9be6ba99dd "HTTP/1.1 200 OK"
2025-04-01 14:18:51,412 - notion_sync - INFO - Successfully updated record for page 1c73a17e-5d7f-81d8-bf20-cf9be6ba99dd: {'object': 'page', 'id': '1c73a17e-5d7f-81d8-bf20-cf9be6ba99dd', 'created_time': '2025-03-31T11:11:00.000Z', 'last_edited_time': '2025-04-01T11:18:00.000Z', 'created_by': {'object': 'user', 'id': '5ab889be-b929-4921-9510-e76bc20cb4ec'}, 'last_edited_by': {'object': 'user', 'id': '5ab889be-b929-4921-9510-e76bc20cb4ec'}, 'cover': None, 'icon': None, 'parent': {'type': 'database_id', 'database_id': '1763a17e-5d7f-80f9-acf9-c9618f521957'}, 'archived': False, 'in_trash': False, 'properties': {'07.24': {'id': '%3BB%3DE', 'type': 'number', 'number': None}, '01.26': {'id': '%3BNDW', 'type': 'number', 'number': 0.47}, '05.26': {'id': '%3BTtF', 'type': 'number', 'number': 0}, '09.25': {'id': '%3BfV%5B', 'type': 'number', 'number': 0}, '07.25h': {'id': '%3CgI_', 'type': 'number', 'number': 140}, '03.26h': {'id': '%3DV%5BO', 'type': 'number', 'number': 0}, '05.25h': {'id': '%3DeNR', 'type': 'number', 'number': 100}, '10.25': {'id': '%3EWD%3D', 'type': 'number', 'number': 0}, '11.25h': {'id': '%3FW%7DL', 'type': 'number', 'number': 51}, '01.26h': {'id': '%40%3FtW', 'type': 'number', 'number': 61}, '06.26': {'id': 'A%60qh', 'type': 'number', 'number': 0}, '08.25h': {'id': 'Bgcm', 'type': 'number', 'number': 0}, '03.24': {'id': 'BhSh', 'type': 'number', 'number': None}, '04.25h': {'id': 'Fg%3Cs', 'type': 'number', 'number': 92}, '03.25h': {'id': 'J~Qq', 'type': 'number', 'number': 140.7}, '03.25': {'id': 'KvR%3E', 'type': 'number', 'number': 1.08}, '05.26h': {'id': 'L%7Bqm', 'type': 'number', 'number': 0}, '03.26': {'id': 'N%7B%3AJ', 'type': 'number', 'number': 0}, 'Average coef 2026': {'id': 'OJ%3Ag', 'type': 'formula', 'formula': {'type': 'number', 'number': 0.039166666667}}, '08.25': {'id': 'UYMg', 'type': 'number', 'number': 0}, '11.25': {'id': 'XPF%7D', 'type': 'number', 'number': 0.39}, '01.25h': {'id': 'YOa%5B', 'type': 'number', 'number': 88}, '06.25': {'id': 'YWSK', 'type': 'number', 'number': 1.23}, '02.26h': {'id': 'Zw%7Ba', 'type': 'number', 'number': 0}, '04.24': {'id': '%5B~wc', 'type': 'number', 'number': None}, '09.26': {'id': '%5CQYt', 'type': 'number', 'number': None}, '12.24': {'id': '%5CXqN', 'type': 'number', 'number': None}, '02.25': {'id': '%5D%40gT', 'type': 'number', 'number': 0.7}, '09.24': {'id': '%5EEx_', 'type': 'number', 'number': None}, '07.25': {'id': '_LDz', 'type': 'number', 'number': 1.08}, '06.26h': {'id': 'axEE', 'type': 'number', 'number': 0}, '10.26': {'id': 'b%7BSk', 'type': 'number', 'number': None}, '10.25h': {'id': 'cS%5B%5E', 'type': 'number', 'number': 0}, 'Total h 2026': {'id': 'fOoG', 'type': 'formula', 'formula': {'type': 'number', 'number': 61}}, '12.26': {'id': 'fTZK', 'type': 'number', 'number': None}, '12.25': {'id': 'gQ%3BZ', 'type': 'number', 'number': 0.48}, '10.24': {'id': 'h%3FXO', 'type': 'number', 'number': None}, '02.25h': {'id': 'iBCE', 'type': 'number', 'number': 91.5}, '08.26': {'id': 'iV_G', 'type': 'number', 'number': None}, '07.26': {'id': 'jt%3Ey', 'type': 'number', 'number': None}, '11.24': {'id': 'k%7Crn', 'type': 'number', 'number': None}, '2025 Total h': {'id': 'k~zQ', 'type': 'formula', 'formula': {'type': 'number', 'number': 925.2}}, '08.24': {'id': 'lr%5EY', 'type': 'number', 'number': None}, '12.25h': {'id': 'm%5B%3E%3F', 'type': 'number', 'number': 62}, '06.25h': {'id': 'o%5Dk%3B', 'type': 'number', 'number': 160}, '11.23': {'id': 'pJBV', 'type': 'number', 'number': None}, '04.25': {'id': 'qA%3Ap', 'type': 'number', 'number': 0.71}, '2025+2026 Total h': {'id': 'rGav', 'type': 'formula', 'formula': {'type': 'number', 'number': 986.2}}, '04.26': {'id': 'x%5E%3E%3F', 'type': 'number', 'number': 0}, '11.26': {'id': 'xl%3Bt', 'type': 'number', 'number': None}, '02.26': {'id': 'yIkr', 'type': 'number', 'number': 0}, '04.26h': {'id': 'zCX_', 'type': 'number', 'number': 0}, 'Average coef 2025': {'id': 'zlfX', 'type': 'formula', 'formula': {'type': 'number', 'number': 0.593333333333}}, '09.25h': {'id': '%7CJ%7Dh', 'type': 'number', 'number': 0}, '01.25': {'id': '%7Cue%3F', 'type': 'number', 'number': 0.68}, '05.25': {'id': '%7DHCq', 'type': 'number', 'number': 0.77}, 'Responsible Name': {'id': 'title', 'type': 'title', 'title': [{'type': 'text', 'text': {'content': 'Sense', 'link': None}, 'annotations': {'bold': False, 'italic': False, 'strikethrough': False, 'underline': False, 'code': False, 'color': 'default'}, 'plain_text': 'Sense', 'href': None}]}}, 'url': 'https://www.notion.so/Sense-1c73a17e5d7f81d8bf20cf9be6ba99dd', 'public_url': None, 'request_id': 'abb5896c-637b-42a6-b005-8294c1ef91e9'}
2025-04-01 14:18:51,412 - notion_sync - INFO - Prepared data for Seraphina: {'01.25': {'number': 0.44}, '02.25': {'number': 0.45}, '03.25': {'number': 0.44}, '04.25': {'number': 0.44}, '05.25': {'number': 0}, '06.25': {'number': 0.31}, '07.25': {'number': 0.46}, '08.25': {'number': 0}, '09.25': {'number': 0}, '10.25': {'number': 0}, '11.25': {'number': 0.31}, '12.25': {'number': 0.4}, '01.26': {'number': 0}, '02.26': {'number': 0}, '03.26': {'number': 0}, '04.26': {'number': 0}, '05.26': {'number': 0}, '06.26': {'number': 0}, '01.25h': {'number': 57.0}, '02.25h': {'number': 59.0}, '03.25h': {'number': 57.0}, '04.25h': {'number': 57.0}, '05.25h': {'number': 0}, '06.25h': {'number': 40.0}, '07.25h': {'number': 60.0}, '08.25h': {'number': 0}, '09.25h': {'number': 0}, '10.25h': {'number': 0}, '11.25h': {'number': 40.0}, '12.25h': {'number': 52.0}, '01.26h': {'number': 0}, '02.26h': {'number': 0}, '03.26h': {'number': 0}, '04.26h': {'number': 0}, '05.26h': {'number': 0}, '06.26h': {'number': 0}, 'Responsible Name': {'title': [{'type': 'text', 'text': {'content': 'Seraphina'}}]}}
2025-04-01 14:18:51,444 - httpx - INFO - HTTP Request: PATCH https://api.notion.com/v1/pages/17c3a17e-5d7f-8174-87bb-f1435784f24e "HTTP/1.1 200 OK"
2025-04-01 14:18:51,445 - notion_sync - INFO - Updated record with service_id: FC-601
2025-04-01 14:18:51,445 - notion_sync - INFO - ✅ Successfully synced 12 records.
2025-04-01 14:18:51,445 - nontion_sync.tasks - INFO - ✅ Sync result for 1733a17e5d7f8009bbf6d7c68b1cacf1: Sync completed. 12 records synced.
2025-04-01 14:18:51,449 - nontion_sync.tasks - INFO - Processing NotionDbConfig: hz3
2025-04-01 14:18:51,718 - httpx - INFO - HTTP Request: GET https://api.notion.com/v1/pages/1c73a17e-5d7f-816b-9138-d968d9726162 "HTTP/1.1 200 OK"
2025-04-01 14:18:51,719 - notion_sync - INFO - Updating record for page 1c73a17e-5d7f-816b-9138-d968d9726162 with data: {'01.25': {'number': 0.44}, '02.25': {'number': 0.45}, '03.25': {'number': 0.44}, '04.25': {'number': 0.44}, '05.25': {'number': 0}, '06.25': {'number': 0.31}, '07.25': {'number': 0.46}, '08.25': {'number': 0}, '09.25': {'number': 0}, '10.25': {'number': 0}, '11.25': {'number': 0.31}, '12.25': {'number': 0.4}, '01.26': {'number': 0}, '02.26': {'number': 0}, '03.26': {'number': 0}, '04.26': {'number': 0}, '05.26': {'number': 0}, '06.26': {'number': 0}, '01.25h': {'number': 57.0}, '02.25h': {'number': 59.0}, '03.25h': {'number': 57.0}, '04.25h': {'number': 57.0}, '05.25h': {'number': 0}, '06.25h': {'number': 40.0}, '07.25h': {'number': 60.0}, '08.25h': {'number': 0}, '09.25h': {'number': 0}, '10.25h': {'number': 0}, '11.25h': {'number': 40.0}, '12.25h': {'number': 52.0}, '01.26h': {'number': 0}, '02.26h': {'number': 0}, '03.26h': {'number': 0}, '04.26h': {'number': 0}, '05.26h': {'number': 0}, '06.26h': {'number': 0}}
2025-04-01 14:18:52,230 - httpx - INFO - HTTP Request: POST https://api.notion.com/v1/databases/1743a17e5d7f80daa1e2c6c5c7cc979c/query "HTTP/1.1 200 OK"
2025-04-01 14:18:53,016 - httpx - INFO - HTTP Request: PATCH https://api.notion.com/v1/pages/1c73a17e-5d7f-816b-9138-d968d9726162 "HTTP/1.1 200 OK"
2025-04-01 14:18:53,017 - notion_sync - INFO - Successfully updated record for page 1c73a17e-5d7f-816b-9138-d968d9726162: {'object': 'page', 'id': '1c73a17e-5d7f-816b-9138-d968d9726162', 'created_time': '2025-03-31T11:11:00.000Z', 'last_edited_time': '2025-04-01T11:18:00.000Z', 'created_by': {'object': 'user', 'id': '5ab889be-b929-4921-9510-e76bc20cb4ec'}, 'last_edited_by': {'object': 'user', 'id': '5ab889be-b929-4921-9510-e76bc20cb4ec'}, 'cover': None, 'icon': None, 'parent': {'type': 'database_id', 'database_id': '1763a17e-5d7f-80f9-acf9-c9618f521957'}, 'archived': False, 'in_trash': False, 'properties': {'07.24': {'id': '%3BB%3DE', 'type': 'number', 'number': None}, '01.26': {'id': '%3BNDW', 'type': 'number', 'number': 0}, '05.26': {'id': '%3BTtF', 'type': 'number', 'number': 0}, '09.25': {'id': '%3BfV%5B', 'type': 'number', 'number': 0}, '07.25h': {'id': '%3CgI_', 'type': 'number', 'number': 60}, '03.26h': {'id': '%3DV%5BO', 'type': 'number', 'number': 0}, '05.25h': {'id': '%3DeNR', 'type': 'number', 'number': 0}, '10.25': {'id': '%3EWD%3D', 'type': 'number', 'number': 0}, '11.25h': {'id': '%3FW%7DL', 'type': 'number', 'number': 40}, '01.26h': {'id': '%40%3FtW', 'type': 'number', 'number': 0}, '06.26': {'id': 'A%60qh', 'type': 'number', 'number': 0}, '08.25h': {'id': 'Bgcm', 'type': 'number', 'number': 0}, '03.24': {'id': 'BhSh', 'type': 'number', 'number': None}, '04.25h': {'id': 'Fg%3Cs', 'type': 'number', 'number': 57}, '03.25h': {'id': 'J~Qq', 'type': 'number', 'number': 57}, '03.25': {'id': 'KvR%3E', 'type': 'number', 'number': 0.44}, '05.26h': {'id': 'L%7Bqm', 'type': 'number', 'number': 0}, '03.26': {'id': 'N%7B%3AJ', 'type': 'number', 'number': 0}, 'Average coef 2026': {'id': 'OJ%3Ag', 'type': 'formula', 'formula': {'type': 'number', 'number': 0}}, '08.25': {'id': 'UYMg', 'type': 'number', 'number': 0}, '11.25': {'id': 'XPF%7D', 'type': 'number', 'number': 0.31}, '01.25h': {'id': 'YOa%5B', 'type': 'number', 'number': 57}, '06.25': {'id': 'YWSK', 'type': 'number', 'number': 0.31}, '02.26h': {'id': 'Zw%7Ba', 'type': 'number', 'number': 0}, '04.24': {'id': '%5B~wc', 'type': 'number', 'number': None}, '09.26': {'id': '%5CQYt', 'type': 'number', 'number': None}, '12.24': {'id': '%5CXqN', 'type': 'number', 'number': None}, '02.25': {'id': '%5D%40gT', 'type': 'number', 'number': 0.45}, '09.24': {'id': '%5EEx_', 'type': 'number', 'number': None}, '07.25': {'id': '_LDz', 'type': 'number', 'number': 0.46}, '06.26h': {'id': 'axEE', 'type': 'number', 'number': 0}, '10.26': {'id': 'b%7BSk', 'type': 'number', 'number': None}, '10.25h': {'id': 'cS%5B%5E', 'type': 'number', 'number': 0}, 'Total h 2026': {'id': 'fOoG', 'type': 'formula', 'formula': {'type': 'number', 'number': 0}}, '12.26': {'id': 'fTZK', 'type': 'number', 'number': None}, '12.25': {'id': 'gQ%3BZ', 'type': 'number', 'number': 0.4}, '10.24': {'id': 'h%3FXO', 'type': 'number', 'number': None}, '02.25h': {'id': 'iBCE', 'type': 'number', 'number': 59}, '08.26': {'id': 'iV_G', 'type': 'number', 'number': None}, '07.26': {'id': 'jt%3Ey', 'type': 'number', 'number': None}, '11.24': {'id': 'k%7Crn', 'type': 'number', 'number': None}, '2025 Total h': {'id': 'k~zQ', 'type': 'formula', 'formula': {'type': 'number', 'number': 422}}, '08.24': {'id': 'lr%5EY', 'type': 'number', 'number': None}, '12.25h': {'id': 'm%5B%3E%3F', 'type': 'number', 'number': 52}, '06.25h': {'id': 'o%5Dk%3B', 'type': 'number', 'number': 40}, '11.23': {'id': 'pJBV', 'type': 'number', 'number': None}, '04.25': {'id': 'qA%3Ap', 'type': 'number', 'number': 0.44}, '2025+2026 Total h': {'id': 'rGav', 'type': 'formula', 'formula': {'type': 'number', 'number': 422}}, '04.26': {'id': 'x%5E%3E%3F', 'type': 'number', 'number': 0}, '11.26': {'id': 'xl%3Bt', 'type': 'number', 'number': None}, '02.26': {'id': 'yIkr', 'type': 'number', 'number': 0}, '04.26h': {'id': 'zCX_', 'type': 'number', 'number': 0}, 'Average coef 2025': {'id': 'zlfX', 'type': 'formula', 'formula': {'type': 'number', 'number': 0.270833333333}}, '09.25h': {'id': '%7CJ%7Dh', 'type': 'number', 'number': 0}, '01.25': {'id': '%7Cue%3F', 'type': 'number', 'number': 0.44}, '05.25': {'id': '%7DHCq', 'type': 'number', 'number': 0}, 'Responsible Name': {'id': 'title', 'type': 'title', 'title': [{'type': 'text', 'text': {'content': 'Seraphina', 'link': None}, 'annotations': {'bold': False, 'italic': False, 'strikethrough': False, 'underline': False, 'code': False, 'color': 'default'}, 'plain_text': 'Seraphina', 'href': None}]}}, 'url': 'https://www.notion.so/Seraphina-1c73a17e5d7f816b9138d968d9726162', 'public_url': None, 'request_id': 'b89aa2a3-d3f6-410f-8468-e5ba78ef6652'}
2025-04-01 14:18:53,017 - notion_sync - INFO - Prepared data for Pulse: {'01.25': {'number': 0}, '02.25': {'number': 0.01}, '03.25': {'number': 0.01}, '04.25': {'number': 0}, '05.25': {'number': 0.19}, '06.25': {'number': 0.58}, '07.25': {'number': 0}, '08.25': {'number': 0.19}, '09.25': {'number': 0.01}, '10.25': {'number': 0}, '11.25': {'number': 0}, '12.25': {'number': 0}, '01.26': {'number': 0}, '02.26': {'number': 0}, '03.26': {'number': 0}, '04.26': {'number': 0}, '05.26': {'number': 0}, '06.26': {'number': 0}, '01.25h': {'number': 0}, '02.25h': {'number': 1.0}, '03.25h': {'number': 1.0}, '04.25h': {'number': 0}, '05.25h': {'number': 25.0}, '06.25h': {'number': 75.0}, '07.25h': {'number': 0}, '08.25h': {'number': 25.0}, '09.25h': {'number': 1.0}, '10.25h': {'number': 0}, '11.25h': {'number': 0}, '12.25h': {'number': 0}, '01.26h': {'number': 0}, '02.26h': {'number': 0}, '03.26h': {'number': 0}, '04.26h': {'number': 0}, '05.26h': {'number': 0}, '06.26h': {'number': 0}, 'Responsible Name': {'title': [{'type': 'text', 'text': {'content': 'Pulse'}}]}}
2025-04-01 14:18:53,435 - httpx - INFO - HTTP Request: GET https://api.notion.com/v1/pages/1c73a17e-5d7f-81be-a096-c159d60e867b "HTTP/1.1 200 OK"
2025-04-01 14:18:53,571 - notion_sync - INFO - Updating record for page 1c73a17e-5d7f-81be-a096-c159d60e867b with data: {'01.25': {'number': 0}, '02.25': {'number': 0.01}, '03.25': {'number': 0.01}, '04.25': {'number': 0}, '05.25': {'number': 0.19}, '06.25': {'number': 0.58}, '07.25': {'number': 0}, '08.25': {'number': 0.19}, '09.25': {'number': 0.01}, '10.25': {'number': 0}, '11.25': {'number': 0}, '12.25': {'number': 0}, '01.26': {'number': 0}, '02.26': {'number': 0}, '03.26': {'number': 0}, '04.26': {'number': 0}, '05.26': {'number': 0}, '06.26': {'number': 0}, '01.25h': {'number': 0}, '02.25h': {'number': 1.0}, '03.25h': {'number': 1.0}, '04.25h': {'number': 0}, '05.25h': {'number': 25.0}, '06.25h': {'number': 75.0}, '07.25h': {'number': 0}, '08.25h': {'number': 25.0}, '09.25h': {'number': 1.0}, '10.25h': {'number': 0}, '11.25h': {'number': 0}, '12.25h': {'number': 0}, '01.26h': {'number': 0}, '02.26h': {'number': 0}, '03.26h': {'number': 0}, '04.26h': {'number': 0}, '05.26h': {'number': 0}, '06.26h': {'number': 0}}
2025-04-01 14:18:54,013 - httpx - INFO - HTTP Request: PATCH https://api.notion.com/v1/pages/1c73a17e-5d7f-81be-a096-c159d60e867b "HTTP/1.1 200 OK"
2025-04-01 14:18:54,014 - notion_sync - INFO - Successfully updated record for page 1c73a17e-5d7f-81be-a096-c159d60e867b: {'object': 'page', 'id': '1c73a17e-5d7f-81be-a096-c159d60e867b', 'created_time': '2025-03-31T11:11:00.000Z', 'last_edited_time': '2025-04-01T11:18:00.000Z', 'created_by': {'object': 'user', 'id': '5ab889be-b929-4921-9510-e76bc20cb4ec'}, 'last_edited_by': {'object': 'user', 'id': '5ab889be-b929-4921-9510-e76bc20cb4ec'}, 'cover': None, 'icon': None, 'parent': {'type': 'database_id', 'database_id': '1763a17e-5d7f-80f9-acf9-c9618f521957'}, 'archived': False, 'in_trash': False, 'properties': {'07.24': {'id': '%3BB%3DE', 'type': 'number', 'number': None}, '01.26': {'id': '%3BNDW', 'type': 'number', 'number': 0}, '05.26': {'id': '%3BTtF', 'type': 'number', 'number': 0}, '09.25': {'id': '%3BfV%5B', 'type': 'number', 'number': 0.01}, '07.25h': {'id': '%3CgI_', 'type': 'number', 'number': 0}, '03.26h': {'id': '%3DV%5BO', 'type': 'number', 'number': 0}, '05.25h': {'id': '%3DeNR', 'type': 'number', 'number': 25}, '10.25': {'id': '%3EWD%3D', 'type': 'number', 'number': 0}, '11.25h': {'id': '%3FW%7DL', 'type': 'number', 'number': 0}, '01.26h': {'id': '%40%3FtW', 'type': 'number', 'number': 0}, '06.26': {'id': 'A%60qh', 'type': 'number', 'number': 0}, '08.25h': {'id': 'Bgcm', 'type': 'number', 'number': 25}, '03.24': {'id': 'BhSh', 'type': 'number', 'number': None}, '04.25h': {'id': 'Fg%3Cs', 'type': 'number', 'number': 0}, '03.25h': {'id': 'J~Qq', 'type': 'number', 'number': 1}, '03.25': {'id': 'KvR%3E', 'type': 'number', 'number': 0.01}, '05.26h': {'id': 'L%7Bqm', 'type': 'number', 'number': 0}, '03.26': {'id': 'N%7B%3AJ', 'type': 'number', 'number': 0}, 'Average coef 2026': {'id': 'OJ%3Ag', 'type': 'formula', 'formula': {'type': 'number', 'number': 0}}, '08.25': {'id': 'UYMg', 'type': 'number', 'number': 0.19}, '11.25': {'id': 'XPF%7D', 'type': 'number', 'number': 0}, '01.25h': {'id': 'YOa%5B', 'type': 'number', 'number': 0}, '06.25': {'id': 'YWSK', 'type': 'number', 'number': 0.58}, '02.26h': {'id': 'Zw%7Ba', 'type': 'number', 'number': 0}, '04.24': {'id': '%5B~wc', 'type': 'number', 'number': None}, '09.26': {'id': '%5CQYt', 'type': 'number', 'number': None}, '12.24': {'id': '%5CXqN', 'type': 'number', 'number': None}, '02.25': {'id': '%5D%40gT', 'type': 'number', 'number': 0.01}, '09.24': {'id': '%5EEx_', 'type': 'number', 'number': None}, '07.25': {'id': '_LDz', 'type': 'number', 'number': 0}, '06.26h': {'id': 'axEE', 'type': 'number', 'number': 0}, '10.26': {'id': 'b%7BSk', 'type': 'number', 'number': None}, '10.25h': {'id': 'cS%5B%5E', 'type': 'number', 'number': 0}, 'Total h 2026': {'id': 'fOoG', 'type': 'formula', 'formula': {'type': 'number', 'number': 0}}, '12.26': {'id': 'fTZK', 'type': 'number', 'number': None}, '12.25': {'id': 'gQ%3BZ', 'type': 'number', 'number': 0}, '10.24': {'id': 'h%3FXO', 'type': 'number', 'number': None}, '02.25h': {'id': 'iBCE', 'type': 'number', 'number': 1}, '08.26': {'id': 'iV_G', 'type': 'number', 'number': None}, '07.26': {'id': 'jt%3Ey', 'type': 'number', 'number': None}, '11.24': {'id': 'k%7Crn', 'type': 'number', 'number': None}, '2025 Total h': {'id': 'k~zQ', 'type': 'formula', 'formula': {'type': 'number', 'number': 128}}, '08.24': {'id': 'lr%5EY', 'type': 'number', 'number': None}, '12.25h': {'id': 'm%5B%3E%3F', 'type': 'number', 'number': 0}, '06.25h': {'id': 'o%5Dk%3B', 'type': 'number', 'number': 75}, '11.23': {'id': 'pJBV', 'type': 'number', 'number': None}, '04.25': {'id': 'qA%3Ap', 'type': 'number', 'number': 0}, '2025+2026 Total h': {'id': 'rGav', 'type': 'formula', 'formula': {'type': 'number', 'number': 128}}, '04.26': {'id': 'x%5E%3E%3F', 'type': 'number', 'number': 0}, '11.26': {'id': 'xl%3Bt', 'type': 'number', 'number': None}, '02.26': {'id': 'yIkr', 'type': 'number', 'number': 0}, '04.26h': {'id': 'zCX_', 'type': 'number', 'number': 0}, 'Average coef 2025': {'id': 'zlfX', 'type': 'formula', 'formula': {'type': 'number', 'number': 0.0825}}, '09.25h': {'id': '%7CJ%7Dh', 'type': 'number', 'number': 1}, '01.25': {'id': '%7Cue%3F', 'type': 'number', 'number': 0}, '05.25': {'id': '%7DHCq', 'type': 'number', 'number': 0.19}, 'Responsible Name': {'id': 'title', 'type': 'title', 'title': [{'type': 'text', 'text': {'content': 'Pulse', 'link': None}, 'annotations': {'bold': False, 'italic': False, 'strikethrough': False, 'underline': False, 'code': False, 'color': 'default'}, 'plain_text': 'Pulse', 'href': None}]}}, 'url': 'https://www.notion.so/Pulse-1c73a17e5d7f81bea096c159d60e867b', 'public_url': None, 'request_id': 'a164828f-3e74-4a4b-8f52-811dc572a5d3'}
2025-04-01 14:18:54,014 - notion_sync - INFO - Prepared data for Demchik: {'01.25': {'number': 0}, '02.25': {'number': 0.96}, '03.25': {'number': 0.96}, '04.25': {'number': 1.19}, '05.25': {'number': 0}, '06.25': {'number': 0}, '07.25': {'number': 0}, '08.25': {'number': 0}, '09.25': {'number': 0}, '10.25': {'number': 0}, '11.25': {'number': 0}, '12.25': {'number': 0}, '01.26': {'number': 0}, '02.26': {'number': 0}, '03.26': {'number': 0}, '04.26': {'number': 0}, '05.26': {'number': 0}, '06.26': {'number': 0}, '01.25h': {'number': 0}, '02.25h': {'number': 125.0}, '03.25h': {'number': 125.0}, '04.25h': {'number': 155.0}, '05.25h': {'number': 0}, '06.25h': {'number': 0}, '07.25h': {'number': 0}, '08.25h': {'number': 0}, '09.25h': {'number': 0}, '10.25h': {'number': 0}, '11.25h': {'number': 0}, '12.25h': {'number': 0}, '01.26h': {'number': 0}, '02.26h': {'number': 0}, '03.26h': {'number': 0}, '04.26h': {'number': 0}, '05.26h': {'number': 0}, '06.26h': {'number': 0}, 'Responsible Name': {'title': [{'type': 'text', 'text': {'content': 'Demchik'}}]}}
2025-04-01 14:18:54,309 - httpx - INFO - HTTP Request: GET https://api.notion.com/v1/pages/1c73a17e-5d7f-816f-9787-caee01749f69 "HTTP/1.1 200 OK"
2025-04-01 14:18:54,309 - notion_sync - INFO - Updating record for page 1c73a17e-5d7f-816f-9787-caee01749f69 with data: {'01.25': {'number': 0}, '02.25': {'number': 0.96}, '03.25': {'number': 0.96}, '04.25': {'number': 1.19}, '05.25': {'number': 0}, '06.25': {'number': 0}, '07.25': {'number': 0}, '08.25': {'number': 0}, '09.25': {'number': 0}, '10.25': {'number': 0}, '11.25': {'number': 0}, '12.25': {'number': 0}, '01.26': {'number': 0}, '02.26': {'number': 0}, '03.26': {'number': 0}, '04.26': {'number': 0}, '05.26': {'number': 0}, '06.26': {'number': 0}, '01.25h': {'number': 0}, '02.25h': {'number': 125.0}, '03.25h': {'number': 125.0}, '04.25h': {'number': 155.0}, '05.25h': {'number': 0}, '06.25h': {'number': 0}, '07.25h': {'number': 0}, '08.25h': {'number': 0}, '09.25h': {'number': 0}, '10.25h': {'number': 0}, '11.25h': {'number': 0}, '12.25h': {'number': 0}, '01.26h': {'number': 0}, '02.26h': {'number': 0}, '03.26h': {'number': 0}, '04.26h': {'number': 0}, '05.26h': {'number': 0}, '06.26h': {'number': 0}}
2025-04-01 14:18:54,620 - httpx - INFO - HTTP Request: POST https://api.notion.com/v1/databases/1743a17e5d7f80daa1e2c6c5c7cc979c/query "HTTP/1.1 200 OK"
2025-04-01 14:18:54,853 - httpx - INFO - HTTP Request: PATCH https://api.notion.com/v1/pages/1c73a17e-5d7f-816f-9787-caee01749f69 "HTTP/1.1 200 OK"
2025-04-01 14:18:54,854 - notion_sync - INFO - Successfully updated record for page 1c73a17e-5d7f-816f-9787-caee01749f69: {'object': 'page', 'id': '1c73a17e-5d7f-816f-9787-caee01749f69', 'created_time': '2025-03-31T11:11:00.000Z', 'last_edited_time': '2025-04-01T11:18:00.000Z', 'created_by': {'object': 'user', 'id': '5ab889be-b929-4921-9510-e76bc20cb4ec'}, 'last_edited_by': {'object': 'user', 'id': '5ab889be-b929-4921-9510-e76bc20cb4ec'}, 'cover': None, 'icon': None, 'parent': {'type': 'database_id', 'database_id': '1763a17e-5d7f-80f9-acf9-c9618f521957'}, 'archived': False, 'in_trash': False, 'properties': {'07.24': {'id': '%3BB%3DE', 'type': 'number', 'number': None}, '01.26': {'id': '%3BNDW', 'type': 'number', 'number': 0}, '05.26': {'id': '%3BTtF', 'type': 'number', 'number': 0}, '09.25': {'id': '%3BfV%5B', 'type': 'number', 'number': 0}, '07.25h': {'id': '%3CgI_', 'type': 'number', 'number': 0}, '03.26h': {'id': '%3DV%5BO', 'type': 'number', 'number': 0}, '05.25h': {'id': '%3DeNR', 'type': 'number', 'number': 0}, '10.25': {'id': '%3EWD%3D', 'type': 'number', 'number': 0}, '11.25h': {'id': '%3FW%7DL', 'type': 'number', 'number': 0}, '01.26h': {'id': '%40%3FtW', 'type': 'number', 'number': 0}, '06.26': {'id': 'A%60qh', 'type': 'number', 'number': 0}, '08.25h': {'id': 'Bgcm', 'type': 'number', 'number': 0}, '03.24': {'id': 'BhSh', 'type': 'number', 'number': None}, '04.25h': {'id': 'Fg%3Cs', 'type': 'number', 'number': 155}, '03.25h': {'id': 'J~Qq', 'type': 'number', 'number': 125}, '03.25': {'id': 'KvR%3E', 'type': 'number', 'number': 0.96}, '05.26h': {'id': 'L%7Bqm', 'type': 'number', 'number': 0}, '03.26': {'id': 'N%7B%3AJ', 'type': 'number', 'number': 0}, 'Average coef 2026': {'id': 'OJ%3Ag', 'type': 'formula', 'formula': {'type': 'number', 'number': 0}}, '08.25': {'id': 'UYMg', 'type': 'number', 'number': 0}, '11.25': {'id': 'XPF%7D', 'type': 'number', 'number': 0}, '01.25h': {'id': 'YOa%5B', 'type': 'number', 'number': 0}, '06.25': {'id': 'YWSK', 'type': 'number', 'number': 0}, '02.26h': {'id': 'Zw%7Ba', 'type': 'number', 'number': 0}, '04.24': {'id': '%5B~wc', 'type': 'number', 'number': None}, '09.26': {'id': '%5CQYt', 'type': 'number', 'number': None}, '12.24': {'id': '%5CXqN', 'type': 'number', 'number': None}, '02.25': {'id': '%5D%40gT', 'type': 'number', 'number': 0.96}, '09.24': {'id': '%5EEx_', 'type': 'number', 'number': None}, '07.25': {'id': '_LDz', 'type': 'number', 'number': 0}, '06.26h': {'id': 'axEE', 'type': 'number', 'number': 0}, '10.26': {'id': 'b%7BSk', 'type': 'number', 'number': None}, '10.25h': {'id': 'cS%5B%5E', 'type': 'number', 'number': 0}, 'Total h 2026': {'id': 'fOoG', 'type': 'formula', 'formula': {'type': 'number', 'number': 0}}, '12.26': {'id': 'fTZK', 'type': 'number', 'number': None}, '12.25': {'id': 'gQ%3BZ', 'type': 'number', 'number': 0}, '10.24': {'id': 'h%3FXO', 'type': 'number', 'number': None}, '02.25h': {'id': 'iBCE', 'type': 'number', 'number': 125}, '08.26': {'id': 'iV_G', 'type': 'number', 'number': None}, '07.26': {'id': 'jt%3Ey', 'type': 'number', 'number': None}, '11.24': {'id': 'k%7Crn', 'type': 'number', 'number': None}, '2025 Total h': {'id': 'k~zQ', 'type': 'formula', 'formula': {'type': 'number', 'number': 405}}, '08.24': {'id': 'lr%5EY', 'type': 'number', 'number': None}, '12.25h': {'id': 'm%5B%3E%3F', 'type': 'number', 'number': 0}, '06.25h': {'id': 'o%5Dk%3B', 'type': 'number', 'number': 0}, '11.23': {'id': 'pJBV', 'type': 'number', 'number': None}, '04.25': {'id': 'qA%3Ap', 'type': 'number', 'number': 1.19}, '2025+2026 Total h': {'id': 'rGav', 'type': 'formula', 'formula': {'type': 'number', 'number': 405}}, '04.26': {'id': 'x%5E%3E%3F', 'type': 'number', 'number': 0}, '11.26': {'id': 'xl%3Bt', 'type': 'number', 'number': None}, '02.26': {'id': 'yIkr', 'type': 'number', 'number': 0}, '04.26h': {'id': 'zCX_', 'type': 'number', 'number': 0}, 'Average coef 2025': {'id': 'zlfX', 'type': 'formula', 'formula': {'type': 'number', 'number': 0.259166666667}}, '09.25h': {'id': '%7CJ%7Dh', 'type': 'number', 'number': 0}, '01.25': {'id': '%7Cue%3F', 'type': 'number', 'number': 0}, '05.25': {'id': '%7DHCq', 'type': 'number', 'number': 0}, 'Responsible Name': {'id': 'title', 'type': 'title', 'title': [{'type': 'text', 'text': {'content': 'Demchik', 'link': None}, 'annotations': {'bold': False, 'italic': False, 'strikethrough': False, 'underline': False, 'code': False, 'color': 'default'}, 'plain_text': 'Demchik', 'href': None}]}}, 'url': 'https://www.notion.so/Demchik-1c73a17e5d7f816f9787caee01749f69', 'public_url': None, 'request_id': 'b84d8e4b-0baa-4870-9f36-6d93cb5a7e36'}
2025-04-01 14:18:54,854 - notion_sync - INFO - Prepared data for SATTVA: {'01.25': {'number': 0}, '02.25': {'number': 1.0}, '03.25': {'number': 1.0}, '04.25': {'number': 1.0}, '05.25': {'number': 0}, '06.25': {'number': 0}, '07.25': {'number': 0}, '08.25': {'number': 0}, '09.25': {'number': 0}, '10.25': {'number': 0}, '11.25': {'number': 0}, '12.25': {'number': 0}, '01.26': {'number': 0}, '02.26': {'number': 0}, '03.26': {'number': 0}, '04.26': {'number': 0}, '05.26': {'number': 0}, '06.26': {'number': 0}, '01.25h': {'number': 0.5}, '02.25h': {'number': 129.5}, '03.25h': {'number': 129.5}, '04.25h': {'number': 129.5}, '05.25h': {'number': 0}, '06.25h': {'number': 0}, '07.25h': {'number': 0}, '08.25h': {'number': 0}, '09.25h': {'number': 0}, '10.25h': {'number': 0}, '11.25h': {'number': 0}, '12.25h': {'number': 0}, '01.26h': {'number': 0}, '02.26h': {'number': 0}, '03.26h': {'number': 0}, '04.26h': {'number': 0}, '05.26h': {'number': 0}, '06.26h': {'number': 0}, 'Responsible Name': {'title': [{'type': 'text', 'text': {'content': 'SATTVA'}}]}}
2025-04-01 14:18:55,155 - httpx - INFO - HTTP Request: GET https://api.notion.com/v1/pages/1c73a17e-5d7f-81b6-95b1-e6cd9ab31f5d "HTTP/1.1 200 OK"
2025-04-01 14:18:55,157 - notion_sync - INFO - Updating record for page 1c73a17e-5d7f-81b6-95b1-e6cd9ab31f5d with data: {'01.25': {'number': 0}, '02.25': {'number': 1.0}, '03.25': {'number': 1.0}, '04.25': {'number': 1.0}, '05.25': {'number': 0}, '06.25': {'number': 0}, '07.25': {'number': 0}, '08.25': {'number': 0}, '09.25': {'number': 0}, '10.25': {'number': 0}, '11.25': {'number': 0}, '12.25': {'number': 0}, '01.26': {'number': 0}, '02.26': {'number': 0}, '03.26': {'number': 0}, '04.26': {'number': 0}, '05.26': {'number': 0}, '06.26': {'number': 0}, '01.25h': {'number': 0.5}, '02.25h': {'number': 129.5}, '03.25h': {'number': 129.5}, '04.25h': {'number': 129.5}, '05.25h': {'number': 0}, '06.25h': {'number': 0}, '07.25h': {'number': 0}, '08.25h': {'number': 0}, '09.25h': {'number': 0}, '10.25h': {'number': 0}, '11.25h': {'number': 0}, '12.25h': {'number': 0}, '01.26h': {'number': 0}, '02.26h': {'number': 0}, '03.26h': {'number': 0}, '04.26h': {'number': 0}, '05.26h': {'number': 0}, '06.26h': {'number': 0}}
2025-04-01 14:18:55,295 - httpx - INFO - HTTP Request: PATCH https://api.notion.com/v1/pages/1903a17e-5d7f-81d8-a333-c11e402f0f93 "HTTP/1.1 200 OK"
2025-04-01 14:18:55,297 - notion_sync - INFO - Updated record with responsible: Vert
2025-04-01 14:18:55,593 - httpx - INFO - HTTP Request: PATCH https://api.notion.com/v1/pages/1c73a17e-5d7f-81b6-95b1-e6cd9ab31f5d "HTTP/1.1 200 OK"
2025-04-01 14:18:55,594 - notion_sync - INFO - Successfully updated record for page 1c73a17e-5d7f-81b6-95b1-e6cd9ab31f5d: {'object': 'page', 'id': '1c73a17e-5d7f-81b6-95b1-e6cd9ab31f5d', 'created_time': '2025-03-31T11:11:00.000Z', 'last_edited_time': '2025-04-01T11:18:00.000Z', 'created_by': {'object': 'user', 'id': '5ab889be-b929-4921-9510-e76bc20cb4ec'}, 'last_edited_by': {'object': 'user', 'id': '5ab889be-b929-4921-9510-e76bc20cb4ec'}, 'cover': None, 'icon': None, 'parent': {'type': 'database_id', 'database_id': '1763a17e-5d7f-80f9-acf9-c9618f521957'}, 'archived': False, 'in_trash': False, 'properties': {'07.24': {'id': '%3BB%3DE', 'type': 'number', 'number': None}, '01.26': {'id': '%3BNDW', 'type': 'number', 'number': 0}, '05.26': {'id': '%3BTtF', 'type': 'number', 'number': 0}, '09.25': {'id': '%3BfV%5B', 'type': 'number', 'number': 0}, '07.25h': {'id': '%3CgI_', 'type': 'number', 'number': 0}, '03.26h': {'id': '%3DV%5BO', 'type': 'number', 'number': 0}, '05.25h': {'id': '%3DeNR', 'type': 'number', 'number': 0}, '10.25': {'id': '%3EWD%3D', 'type': 'number', 'number': 0}, '11.25h': {'id': '%3FW%7DL', 'type': 'number', 'number': 0}, '01.26h': {'id': '%40%3FtW', 'type': 'number', 'number': 0}, '06.26': {'id': 'A%60qh', 'type': 'number', 'number': 0}, '08.25h': {'id': 'Bgcm', 'type': 'number', 'number': 0}, '03.24': {'id': 'BhSh', 'type': 'number', 'number': None}, '04.25h': {'id': 'Fg%3Cs', 'type': 'number', 'number': 129.5}, '03.25h': {'id': 'J~Qq', 'type': 'number', 'number': 129.5}, '03.25': {'id': 'KvR%3E', 'type': 'number', 'number': 1}, '05.26h': {'id': 'L%7Bqm', 'type': 'number', 'number': 0}, '03.26': {'id': 'N%7B%3AJ', 'type': 'number', 'number': 0}, 'Average coef 2026': {'id': 'OJ%3Ag', 'type': 'formula', 'formula': {'type': 'number', 'number': 0}}, '08.25': {'id': 'UYMg', 'type': 'number', 'number': 0}, '11.25': {'id': 'XPF%7D', 'type': 'number', 'number': 0}, '01.25h': {'id': 'YOa%5B', 'type': 'number', 'number': 0.5}, '06.25': {'id': 'YWSK', 'type': 'number', 'number': 0}, '02.26h': {'id': 'Zw%7Ba', 'type': 'number', 'number': 0}, '04.24': {'id': '%5B~wc', 'type': 'number', 'number': None}, '09.26': {'id': '%5CQYt', 'type': 'number', 'number': None}, '12.24': {'id': '%5CXqN', 'type': 'number', 'number': None}, '02.25': {'id': '%5D%40gT', 'type': 'number', 'number': 1}, '09.24': {'id': '%5EEx_', 'type': 'number', 'number': None}, '07.25': {'id': '_LDz', 'type': 'number', 'number': 0}, '06.26h': {'id': 'axEE', 'type': 'number', 'number': 0}, '10.26': {'id': 'b%7BSk', 'type': 'number', 'number': None}, '10.25h': {'id': 'cS%5B%5E', 'type': 'number', 'number': 0}, 'Total h 2026': {'id': 'fOoG', 'type': 'formula', 'formula': {'type': 'number', 'number': 0}}, '12.26': {'id': 'fTZK', 'type': 'number', 'number': None}, '12.25': {'id': 'gQ%3BZ', 'type': 'number', 'number': 0}, '10.24': {'id': 'h%3FXO', 'type': 'number', 'number': None}, '02.25h': {'id': 'iBCE', 'type': 'number', 'number': 129.5}, '08.26': {'id': 'iV_G', 'type': 'number', 'number': None}, '07.26': {'id': 'jt%3Ey', 'type': 'number', 'number': None}, '11.24': {'id': 'k%7Crn', 'type': 'number', 'number': None}, '2025 Total h': {'id': 'k~zQ', 'type': 'formula', 'formula': {'type': 'number', 'number': 389}}, '08.24': {'id': 'lr%5EY', 'type': 'number', 'number': None}, '12.25h': {'id': 'm%5B%3E%3F', 'type': 'number', 'number': 0}, '06.25h': {'id': 'o%5Dk%3B', 'type': 'number', 'number': 0}, '11.23': {'id': 'pJBV', 'type': 'number', 'number': None}, '04.25': {'id': 'qA%3Ap', 'type': 'number', 'number': 1}, '2025+2026 Total h': {'id': 'rGav', 'type': 'formula', 'formula': {'type': 'number', 'number': 389}}, '04.26': {'id': 'x%5E%3E%3F', 'type': 'number', 'number': 0}, '11.26': {'id': 'xl%3Bt', 'type': 'number', 'number': None}, '02.26': {'id': 'yIkr', 'type': 'number', 'number': 0}, '04.26h': {'id': 'zCX_', 'type': 'number', 'number': 0}, 'Average coef 2025': {'id': 'zlfX', 'type': 'formula', 'formula': {'type': 'number', 'number': 0.25}}, '09.25h': {'id': '%7CJ%7Dh', 'type': 'number', 'number': 0}, '01.25': {'id': '%7Cue%3F', 'type': 'number', 'number': 0}, '05.25': {'id': '%7DHCq', 'type': 'number', 'number': 0}, 'Responsible Name': {'id': 'title', 'type': 'title', 'title': [{'type': 'text', 'text': {'content': 'SATTVA', 'link': None}, 'annotations': {'bold': False, 'italic': False, 'strikethrough': False, 'underline': False, 'code': False, 'color': 'default'}, 'plain_text': 'SATTVA', 'href': None}]}}, 'url': 'https://www.notion.so/SATTVA-1c73a17e5d7f81b695b1e6cd9ab31f5d', 'public_url': None, 'request_id': 'eb879878-6e78-4d17-88aa-7e258a37aeb5'}
2025-04-01 14:18:55,594 - notion_sync - INFO - ✅ Successfully synced 14 records and deleted 0 records.
2025-04-01 14:18:55,595 - nontion_sync.tasks - INFO - ✅ Sync result for 1763a17e5d7f80f9acf9c9618f521957: Sync completed. 14 records synced.
2025-04-01 14:18:55,595 - nontion_sync.views - INFO - Task triggered from Notion button!
2025-04-01 14:18:55,608 - httpx - INFO - HTTP Request: POST https://api.notion.com/v1/databases/1743a17e5d7f80daa1e2c6c5c7cc979c/query "HTTP/1.1 200 OK"
2025-04-01 14:18:55,991 - httpx - INFO - HTTP Request: PATCH https://api.notion.com/v1/pages/18f3a17e-5d7f-8191-824f-d2db8bac0faf "HTTP/1.1 200 OK"
2025-04-01 14:18:55,993 - notion_sync - INFO - Updated record with responsible: Degtaria
2025-04-01 14:19:01,834 - httpx - INFO - HTTP Request: POST https://api.notion.com/v1/databases/1743a17e5d7f80daa1e2c6c5c7cc979c/query "HTTP/1.1 200 OK"
2025-04-01 14:19:02,993 - httpx - INFO - HTTP Request: PATCH https://api.notion.com/v1/pages/1a83a17e-5d7f-814c-b373-c574ae4d9568 "HTTP/1.1 200 OK"
2025-04-01 14:19:02,994 - notion_sync - INFO - Updated record with responsible: Pulse
2025-04-01 14:19:03,365 - httpx - INFO - HTTP Request: POST https://api.notion.com/v1/databases/1743a17e5d7f80daa1e2c6c5c7cc979c/query "HTTP/1.1 200 OK"
2025-04-01 14:19:03,763 - httpx - INFO - HTTP Request: PATCH https://api.notion.com/v1/pages/1903a17e-5d7f-813a-a52b-cb68bae468a6 "HTTP/1.1 200 OK"
2025-04-01 14:19:03,764 - notion_sync - INFO - Updated record with responsible: Voice
2025-04-01 14:19:04,071 - httpx - INFO - HTTP Request: POST https://api.notion.com/v1/databases/1743a17e5d7f80daa1e2c6c5c7cc979c/query "HTTP/1.1 200 OK"
2025-04-01 14:19:06,732 - httpx - INFO - HTTP Request: PATCH https://api.notion.com/v1/pages/18f3a17e-5d7f-811c-b48b-e983a15a1d80 "HTTP/1.1 200 OK"
2025-04-01 14:19:06,733 - notion_sync - INFO - Updated record with responsible: Sense
2025-04-01 14:19:07,795 - httpx - INFO - HTTP Request: POST https://api.notion.com/v1/databases/1743a17e5d7f80daa1e2c6c5c7cc979c/query "HTTP/1.1 200 OK"
2025-04-01 14:19:08,196 - httpx - INFO - HTTP Request: PATCH https://api.notion.com/v1/pages/1903a17e-5d7f-81c3-81e2-ea78f2415343 "HTTP/1.1 200 OK"
2025-04-01 14:19:08,196 - notion_sync - INFO - Updated record with responsible: Lunna
2025-04-01 14:19:08,515 - httpx - INFO - HTTP Request: POST https://api.notion.com/v1/databases/1743a17e5d7f80daa1e2c6c5c7cc979c/query "HTTP/1.1 200 OK"
2025-04-01 14:19:08,893 - httpx - INFO - HTTP Request: PATCH https://api.notion.com/v1/pages/1903a17e-5d7f-81d2-afb8-e742409d5f9b "HTTP/1.1 200 OK"
2025-04-01 14:19:08,894 - notion_sync - INFO - Updated record with responsible: Ernesto
2025-04-01 14:19:11,523 - httpx - INFO - HTTP Request: POST https://api.notion.com/v1/databases/1743a17e5d7f80daa1e2c6c5c7cc979c/query "HTTP/1.1 200 OK"
2025-04-01 14:19:12,027 - httpx - INFO - HTTP Request: PATCH https://api.notion.com/v1/pages/1a83a17e-5d7f-81ba-90ca-e092b3effdc8 "HTTP/1.1 200 OK"
2025-04-01 14:19:12,028 - notion_sync - INFO - Updated record with responsible: Seraphina
2025-04-01 14:19:14,121 - httpx - INFO - HTTP Request: POST https://api.notion.com/v1/databases/1743a17e5d7f80daa1e2c6c5c7cc979c/query "HTTP/1.1 200 OK"
2025-04-01 14:19:14,610 - httpx - INFO - HTTP Request: PATCH https://api.notion.com/v1/pages/1903a17e-5d7f-8196-a34f-db80acdd8316 "HTTP/1.1 200 OK"
2025-04-01 14:19:14,611 - notion_sync - INFO - Updated record with responsible: Stamford
2025-04-01 14:19:14,955 - httpx - INFO - HTTP Request: POST https://api.notion.com/v1/databases/1743a17e5d7f80daa1e2c6c5c7cc979c/query "HTTP/1.1 200 OK"
2025-04-01 14:19:15,659 - httpx - INFO - HTTP Request: PATCH https://api.notion.com/v1/pages/1743a17e-5d7f-819a-b15a-c2abc5fcfe2d "HTTP/1.1 200 OK"
2025-04-01 14:19:15,659 - notion_sync - INFO - Updated record with responsible: Insomnia
2025-04-01 14:19:15,659 - notion_sync - INFO - ✅ Successfully synced 10 records.
2025-04-01 14:19:15,660 - nontion_sync.tasks - INFO - ✅ Sync result for 1743a17e5d7f80daa1e2c6c5c7cc979c: Sync completed. 10 records synced.
2025-04-01 14:19:15,662 - nontion_sync.tasks - INFO - Processing NotionDbConfig: hz biz unit
2025-04-01 14:19:16,449 - httpx - INFO - HTTP Request: POST https://api.notion.com/v1/databases/1743a17e5d7f801b8009d5b5788e8c00/query "HTTP/1.1 200 OK"
2025-04-01 14:19:16,842 - httpx - INFO - HTTP Request: POST https://api.notion.com/v1/databases/1743a17e5d7f801b8009d5b5788e8c00/query "HTTP/1.1 200 OK"
2025-04-01 14:19:17,275 - httpx - INFO - HTTP Request: PATCH https://api.notion.com/v1/pages/17b3a17e-5d7f-8198-92a6-d6f85d5a9618 "HTTP/1.1 200 OK"
2025-04-01 14:19:17,276 - notion_sync - INFO - Updated record for BU ID: 1
2025-04-01 14:19:17,666 - httpx - INFO - HTTP Request: POST https://api.notion.com/v1/databases/1743a17e5d7f801b8009d5b5788e8c00/query "HTTP/1.1 200 OK"
2025-04-01 14:19:27,116 - httpx - INFO - HTTP Request: PATCH https://api.notion.com/v1/pages/1903a17e-5d7f-8154-a3eb-d1551daa5591 "HTTP/1.1 200 OK"
2025-04-01 14:19:27,116 - notion_sync - INFO - Updated record for BU ID: 10
2025-04-01 14:19:29,894 - httpx - INFO - HTTP Request: POST https://api.notion.com/v1/databases/1743a17e5d7f801b8009d5b5788e8c00/query "HTTP/1.1 200 OK"
2025-04-01 14:19:30,289 - httpx - INFO - HTTP Request: PATCH https://api.notion.com/v1/pages/1903a17e-5d7f-810b-9b11-d00dbfd2d931 "HTTP/1.1 200 OK"
2025-04-01 14:19:30,291 - notion_sync - INFO - Updated record for BU ID: 28
2025-04-01 14:19:30,594 - httpx - INFO - HTTP Request: POST https://api.notion.com/v1/databases/1743a17e5d7f801b8009d5b5788e8c00/query "HTTP/1.1 200 OK"
2025-04-01 14:19:31,559 - httpx - INFO - HTTP Request: PATCH https://api.notion.com/v1/pages/1903a17e-5d7f-812f-943d-fde3f687b0da "HTTP/1.1 200 OK"
2025-04-01 14:19:31,559 - notion_sync - INFO - Updated record for BU ID: 8
2025-04-01 14:19:31,889 - httpx - INFO - HTTP Request: POST https://api.notion.com/v1/databases/1743a17e5d7f801b8009d5b5788e8c00/query "HTTP/1.1 200 OK"
2025-04-01 14:19:32,869 - httpx - INFO - HTTP Request: PATCH https://api.notion.com/v1/pages/18f3a17e-5d7f-81a6-b9e4-e738edb55c92 "HTTP/1.1 200 OK"
2025-04-01 14:19:32,869 - notion_sync - INFO - Updated record for BU ID: 5
2025-04-01 14:19:33,220 - httpx - INFO - HTTP Request: POST https://api.notion.com/v1/databases/1743a17e5d7f801b8009d5b5788e8c00/query "HTTP/1.1 200 OK"
2025-04-01 14:19:34,798 - httpx - INFO - HTTP Request: PATCH https://api.notion.com/v1/pages/1c73a17e-5d7f-810a-86df-e58f36ff1776 "HTTP/1.1 200 OK"
2025-04-01 14:19:34,799 - notion_sync - INFO - Updated record for BU ID: 39
2025-04-01 14:19:35,123 - httpx - INFO - HTTP Request: POST https://api.notion.com/v1/databases/1743a17e5d7f801b8009d5b5788e8c00/query "HTTP/1.1 200 OK"
2025-04-01 14:19:35,795 - httpx - INFO - HTTP Request: PATCH https://api.notion.com/v1/pages/18f3a17e-5d7f-8140-a2de-d181712696df "HTTP/1.1 200 OK"
2025-04-01 14:19:35,796 - notion_sync - INFO - Updated record for BU ID: 22
2025-04-01 14:19:36,167 - httpx - INFO - HTTP Request: POST https://api.notion.com/v1/databases/1743a17e5d7f801b8009d5b5788e8c00/query "HTTP/1.1 200 OK"
2025-04-01 14:19:38,762 - httpx - INFO - HTTP Request: PATCH https://api.notion.com/v1/pages/1903a17e-5d7f-81f2-9d1c-ffd87fff0bd3 "HTTP/1.1 200 OK"
2025-04-01 14:19:38,837 - notion_sync - INFO - Updated record for BU ID: 15
2025-04-01 14:19:40,403 - httpx - INFO - HTTP Request: POST https://api.notion.com/v1/databases/1743a17e5d7f801b8009d5b5788e8c00/query "HTTP/1.1 200 OK"
2025-04-01 14:19:40,836 - httpx - INFO - HTTP Request: PATCH https://api.notion.com/v1/pages/1903a17e-5d7f-81d3-94a3-ef681a4602b6 "HTTP/1.1 200 OK"
2025-04-01 14:19:40,837 - notion_sync - INFO - Updated record for BU ID: 3
2025-04-01 14:19:41,162 - httpx - INFO - HTTP Request: POST https://api.notion.com/v1/databases/1743a17e5d7f801b8009d5b5788e8c00/query "HTTP/1.1 200 OK"
2025-04-01 14:19:41,686 - httpx - INFO - HTTP Request: PATCH https://api.notion.com/v1/pages/1903a17e-5d7f-81af-85d2-d240d1abc9f2 "HTTP/1.1 200 OK"
2025-04-01 14:19:41,687 - notion_sync - INFO - Updated record for BU ID: 16
2025-04-01 14:19:41,975 - httpx - INFO - HTTP Request: POST https://api.notion.com/v1/databases/1743a17e5d7f801b8009d5b5788e8c00/query "HTTP/1.1 200 OK"
2025-04-01 14:19:42,371 - httpx - INFO - HTTP Request: PATCH https://api.notion.com/v1/pages/1823a17e-5d7f-81db-9f53-dc6702a54080 "HTTP/1.1 200 OK"
2025-04-01 14:19:42,372 - notion_sync - INFO - Updated record for BU ID: 14
2025-04-01 14:19:42,664 - httpx - INFO - HTTP Request: POST https://api.notion.com/v1/databases/1743a17e5d7f801b8009d5b5788e8c00/query "HTTP/1.1 200 OK"
2025-04-01 14:19:45,181 - httpx - INFO - HTTP Request: PATCH https://api.notion.com/v1/pages/1903a17e-5d7f-8196-8dab-e0e49e8bbd9b "HTTP/1.1 200 OK"
2025-04-01 14:19:45,256 - notion_sync - INFO - Updated record for BU ID: 4
2025-04-01 14:19:45,588 - httpx - INFO - HTTP Request: POST https://api.notion.com/v1/databases/1743a17e5d7f801b8009d5b5788e8c00/query "HTTP/1.1 200 OK"
2025-04-01 14:19:45,960 - httpx - INFO - HTTP Request: PATCH https://api.notion.com/v1/pages/1823a17e-5d7f-81df-9aa1-d09ad76b45da "HTTP/1.1 200 OK"
2025-04-01 14:19:45,960 - notion_sync - INFO - Updated record for BU ID: 7
2025-04-01 14:19:48,023 - httpx - INFO - HTTP Request: POST https://api.notion.com/v1/databases/1743a17e5d7f801b8009d5b5788e8c00/query "HTTP/1.1 200 OK"
2025-04-01 14:19:48,568 - httpx - INFO - HTTP Request: PATCH https://api.notion.com/v1/pages/1903a17e-5d7f-81d9-907a-ff3fc7b5a829 "HTTP/1.1 200 OK"
2025-04-01 14:19:48,569 - notion_sync - INFO - Updated record for BU ID: 25
2025-04-01 14:19:48,915 - httpx - INFO - HTTP Request: POST https://api.notion.com/v1/databases/1743a17e5d7f801b8009d5b5788e8c00/query "HTTP/1.1 200 OK"
2025-04-01 14:19:49,341 - httpx - INFO - HTTP Request: PATCH https://api.notion.com/v1/pages/19e3a17e-5d7f-812a-bf02-f0bba658a9bc "HTTP/1.1 200 OK"
2025-04-01 14:19:49,342 - notion_sync - INFO - Updated record for BU ID: 41
2025-04-01 14:19:49,723 - httpx - INFO - HTTP Request: POST https://api.notion.com/v1/databases/1743a17e5d7f801b8009d5b5788e8c00/query "HTTP/1.1 200 OK"
2025-04-01 14:19:50,920 - httpx - INFO - HTTP Request: PATCH https://api.notion.com/v1/pages/1c73a17e-5d7f-81d9-a2cf-cc3cfd519ee2 "HTTP/1.1 200 OK"
2025-04-01 14:19:50,920 - notion_sync - INFO - Updated record for BU ID: 40
2025-04-01 14:19:55,028 - httpx - INFO - HTTP Request: POST https://api.notion.com/v1/databases/1743a17e5d7f801b8009d5b5788e8c00/query "HTTP/1.1 200 OK"
2025-04-01 14:19:56,417 - httpx - INFO - HTTP Request: PATCH https://api.notion.com/v1/pages/1903a17e-5d7f-819b-97e8-d950584a7c44 "HTTP/1.1 200 OK"
2025-04-01 14:19:56,417 - notion_sync - INFO - Updated record for BU ID: 34
2025-04-01 14:19:57,432 - httpx - INFO - HTTP Request: POST https://api.notion.com/v1/databases/1743a17e5d7f801b8009d5b5788e8c00/query "HTTP/1.1 200 OK"
2025-04-01 14:19:57,812 - httpx - INFO - HTTP Request: PATCH https://api.notion.com/v1/pages/1903a17e-5d7f-811e-afb4-dd6263bdfbc7 "HTTP/1.1 200 OK"
2025-04-01 14:19:57,812 - notion_sync - INFO - Updated record for BU ID: 35
2025-04-01 14:19:58,737 - httpx - INFO - HTTP Request: POST https://api.notion.com/v1/databases/1743a17e5d7f801b8009d5b5788e8c00/query "HTTP/1.1 200 OK"
2025-04-01 14:19:59,253 - httpx - INFO - HTTP Request: PATCH https://api.notion.com/v1/pages/1903a17e-5d7f-8165-bd55-e3c5ea540d8a "HTTP/1.1 200 OK"
2025-04-01 14:19:59,254 - notion_sync - INFO - Updated record for BU ID: 24
2025-04-01 14:19:59,551 - httpx - INFO - HTTP Request: POST https://api.notion.com/v1/databases/1743a17e5d7f801b8009d5b5788e8c00/query "HTTP/1.1 200 OK"
2025-04-01 14:20:00,019 - httpx - INFO - HTTP Request: PATCH https://api.notion.com/v1/pages/17b3a17e-5d7f-8146-8225-c04d29adec7a "HTTP/1.1 200 OK"
2025-04-01 14:20:00,019 - notion_sync - INFO - Updated record for BU ID: 6
2025-04-01 14:20:01,223 - httpx - INFO - HTTP Request: POST https://api.notion.com/v1/databases/1743a17e5d7f801b8009d5b5788e8c00/query "HTTP/1.1 200 OK"
2025-04-01 14:20:02,366 - httpx - INFO - HTTP Request: PATCH https://api.notion.com/v1/pages/1823a17e-5d7f-812f-9fb3-d5216b78589a "HTTP/1.1 200 OK"
2025-04-01 14:20:02,367 - notion_sync - INFO - Updated record for BU ID: 17
2025-04-01 14:20:02,706 - httpx - INFO - HTTP Request: POST https://api.notion.com/v1/databases/1743a17e5d7f801b8009d5b5788e8c00/query "HTTP/1.1 200 OK"
2025-04-01 14:20:03,135 - httpx - INFO - HTTP Request: PATCH https://api.notion.com/v1/pages/18f3a17e-5d7f-81af-87c1-c5878383233f "HTTP/1.1 200 OK"
2025-04-01 14:20:03,136 - notion_sync - INFO - Updated record for BU ID: 2
2025-04-01 14:20:03,136 - notion_sync - INFO - ✅ Successfully synced 22 records.
2025-04-01 14:20:03,137 - nontion_sync.tasks - INFO - ✅ Sync result for 1743a17e5d7f801b8009d5b5788e8c00: Sync completed. 22 records synced.
2025-04-01 14:20:03,141 - nontion_sync.tasks - INFO - Processing NotionDbConfig: hzdb
2025-04-01 14:20:06,566 - httpx - INFO - HTTP Request: POST https://api.notion.com/v1/databases/1313a17e5d7f81be9daec933d18a74ed/query "HTTP/1.1 200 OK"
2025-04-01 14:20:11,223 - httpx - INFO - HTTP Request: POST https://api.notion.com/v1/databases/1313a17e5d7f81be9daec933d18a74ed/query "HTTP/1.1 200 OK"
2025-04-01 14:20:14,638 - httpx - INFO - HTTP Request: POST https://api.notion.com/v1/databases/1313a17e5d7f81be9daec933d18a74ed/query "HTTP/1.1 200 OK"
2025-04-01 14:20:17,717 - httpx - INFO - HTTP Request: POST https://api.notion.com/v1/databases/1313a17e5d7f81be9daec933d18a74ed/query "HTTP/1.1 200 OK"
2025-04-01 14:20:20,417 - httpx - INFO - HTTP Request: POST https://api.notion.com/v1/databases/1313a17e5d7f81be9daec933d18a74ed/query "HTTP/1.1 200 OK"
2025-04-01 14:20:27,026 - httpx - INFO - HTTP Request: POST https://api.notion.com/v1/databases/1313a17e5d7f81be9daec933d18a74ed/query "HTTP/1.1 200 OK"
2025-04-01 14:20:30,583 - httpx - INFO - HTTP Request: POST https://api.notion.com/v1/databases/1313a17e5d7f81be9daec933d18a74ed/query "HTTP/1.1 200 OK"
2025-04-01 14:20:36,893 - httpx - INFO - HTTP Request: POST https://api.notion.com/v1/databases/1313a17e5d7f81be9daec933d18a74ed/query "HTTP/1.1 200 OK"
2025-04-01 14:20:42,029 - httpx - INFO - HTTP Request: POST https://api.notion.com/v1/databases/1313a17e5d7f81be9daec933d18a74ed/query "HTTP/1.1 200 OK"
2025-04-01 14:20:46,155 - httpx - INFO - HTTP Request: POST https://api.notion.com/v1/databases/1313a17e5d7f81be9daec933d18a74ed/query "HTTP/1.1 200 OK"
2025-04-01 14:20:49,563 - httpx - INFO - HTTP Request: POST https://api.notion.com/v1/databases/1313a17e5d7f81be9daec933d18a74ed/query "HTTP/1.1 200 OK"
2025-04-01 14:20:53,116 - httpx - INFO - HTTP Request: POST https://api.notion.com/v1/databases/1313a17e5d7f81be9daec933d18a74ed/query "HTTP/1.1 200 OK"
2025-04-01 14:21:01,020 - httpx - INFO - HTTP Request: POST https://api.notion.com/v1/databases/1313a17e5d7f81be9daec933d18a74ed/query "HTTP/1.1 200 OK"
2025-04-01 14:21:04,589 - httpx - INFO - HTTP Request: POST https://api.notion.com/v1/databases/1313a17e5d7f81be9daec933d18a74ed/query "HTTP/1.1 200 OK"
2025-04-01 14:21:04,599 - notion_sync - INFO - Number of project tasks: 1336
2025-04-01 14:21:07,207 - httpx - INFO - HTTP Request: POST https://api.notion.com/v1/databases/13e3a17e5d7f804b893df6008ef0f629/query "HTTP/1.1 200 OK"
2025-04-01 14:21:10,298 - httpx - INFO - HTTP Request: POST https://api.notion.com/v1/databases/13e3a17e5d7f804b893df6008ef0f629/query "HTTP/1.1 200 OK"
2025-04-01 14:21:11,845 - httpx - INFO - HTTP Request: POST https://api.notion.com/v1/databases/13e3a17e5d7f804b893df6008ef0f629/query "HTTP/1.1 200 OK"
2025-04-01 14:21:13,423 - httpx - INFO - HTTP Request: POST https://api.notion.com/v1/databases/13e3a17e5d7f804b893df6008ef0f629/query "HTTP/1.1 200 OK"
2025-04-01 14:21:13,447 - notion_sync - INFO - Number of closing tasks: 389
2025-04-01 14:21:17,166 - httpx - INFO - HTTP Request: POST https://api.notion.com/v1/databases/13e3a17e5d7f80da9a55e1a01feda7b3/query "HTTP/1.1 200 OK"
2025-04-01 14:21:20,816 - httpx - INFO - HTTP Request: POST https://api.notion.com/v1/databases/13e3a17e5d7f80da9a55e1a01feda7b3/query "HTTP/1.1 200 OK"
2025-04-01 14:21:22,407 - httpx - INFO - HTTP Request: POST https://api.notion.com/v1/databases/13e3a17e5d7f80da9a55e1a01feda7b3/query "HTTP/1.1 200 OK"
2025-04-01 14:21:22,431 - notion_sync - INFO - Number of orders: 271
2025-04-01 14:21:23,087 - httpx - INFO - HTTP Request: POST https://api.notion.com/v1/databases/1763a17e5d7f80f9acf9c9618f521957/query "HTTP/1.1 200 OK"
2025-04-01 14:21:23,092 - notion_sync - INFO - Database Properties: ['07.24', '01.26', '05.26', '09.25', '07.25h', '03.26h', '05.25h', '10.25', '11.25h', '01.26h', '06.26', '08.25h', '03.24', '04.25h', '03.25h', '03.25', '05.26h', '03.26', 'Average coef 2026', '08.25', '11.25', '01.25h', '06.25', '02.26h', '04.24', '09.26', '12.24', '02.25', '09.24', '07.25', '06.26h', '10.26', '10.25h', 'Total h 2026', '12.26', '12.25', '10.24', '02.25h', '08.26', '07.26', '11.24', '2025 Total h', '08.24', '12.25h', '06.25h', '11.23', '04.25', '2025+2026 Total h', '04.26', '11.26', '02.26', '04.26h', 'Average coef 2025', '09.25h', '01.25', '05.25', 'Responsible Name']
2025-04-01 14:21:24,375 - httpx - INFO - HTTP Request: POST https://api.notion.com/v1/databases/1763a17e5d7f80f9acf9c9618f521957/query "HTTP/1.1 200 OK"
2025-04-01 14:21:24,379 - notion_sync - INFO - Prepared data for Voice: {'01.25': {'number': 0}, '02.25': {'number': 0.33}, '03.25': {'number': 1.06}, '04.25': {'number': 3.25}, '05.25': {'number': 1.55}, '06.25': {'number': 3.35}, '07.25': {'number': 2.45}, '08.25': {'number': 3.4}, '09.25': {'number': 3.45}, '10.25': {'number': 1.69}, '11.25': {'number': 2.34}, '12.25': {'number': 3.27}, '01.26': {'number': 2.63}, '02.26': {'number': 1.83}, '03.26': {'number': 0.71}, '04.26': {'number': 0}, '05.26': {'number': 0}, '06.26': {'number': 0}, '01.25h': {'number': 0}, '02.25h': {'number': 42.5}, '03.25h': {'number': 138.0}, '04.25h': {'number': 423.0}, '05.25h': {'number': 202.0}, '06.25h': {'number': 435.0}, '07.25h': {'number': 319.0}, '08.25h': {'number': 442.0}, '09.25h': {'number': 449.0}, '10.25h': {'number': 220.0}, '11.25h': {'number': 304.0}, '12.25h': {'number': 425.0}, '01.26h': {'number': 342.0}, '02.26h': {'number': 238.0}, '03.26h': {'number': 92.0}, '04.26h': {'number': 0}, '05.26h': {'number': 0}, '06.26h': {'number': 0}, 'Responsible Name': {'title': [{'type': 'text', 'text': {'content': 'Voice'}}]}}
2025-04-01 14:21:27,063 - httpx - INFO - HTTP Request: GET https://api.notion.com/v1/pages/1c73a17e-5d7f-8197-bd97-c80d6c45c3b7 "HTTP/1.1 200 OK"
2025-04-01 14:21:27,064 - notion_sync - INFO - Updating record for page 1c73a17e-5d7f-8197-bd97-c80d6c45c3b7 with data: {'01.25': {'number': 0}, '02.25': {'number': 0.33}, '03.25': {'number': 1.06}, '04.25': {'number': 3.25}, '05.25': {'number': 1.55}, '06.25': {'number': 3.35}, '07.25': {'number': 2.45}, '08.25': {'number': 3.4}, '09.25': {'number': 3.45}, '10.25': {'number': 1.69}, '11.25': {'number': 2.34}, '12.25': {'number': 3.27}, '01.26': {'number': 2.63}, '02.26': {'number': 1.83}, '03.26': {'number': 0.71}, '04.26': {'number': 0}, '05.26': {'number': 0}, '06.26': {'number': 0}, '01.25h': {'number': 0}, '02.25h': {'number': 42.5}, '03.25h': {'number': 138.0}, '04.25h': {'number': 423.0}, '05.25h': {'number': 202.0}, '06.25h': {'number': 435.0}, '07.25h': {'number': 319.0}, '08.25h': {'number': 442.0}, '09.25h': {'number': 449.0}, '10.25h': {'number': 220.0}, '11.25h': {'number': 304.0}, '12.25h': {'number': 425.0}, '01.26h': {'number': 342.0}, '02.26h': {'number': 238.0}, '03.26h': {'number': 92.0}, '04.26h': {'number': 0}, '05.26h': {'number': 0}, '06.26h': {'number': 0}}
2025-04-01 14:21:30,150 - httpx - INFO - HTTP Request: PATCH https://api.notion.com/v1/pages/1c73a17e-5d7f-8197-bd97-c80d6c45c3b7 "HTTP/1.1 200 OK"
2025-04-01 14:21:30,150 - notion_sync - INFO - Successfully updated record for page 1c73a17e-5d7f-8197-bd97-c80d6c45c3b7: {'object': 'page', 'id': '1c73a17e-5d7f-8197-bd97-c80d6c45c3b7', 'created_time': '2025-03-31T11:11:00.000Z', 'last_edited_time': '2025-04-01T11:21:00.000Z', 'created_by': {'object': 'user', 'id': '5ab889be-b929-4921-9510-e76bc20cb4ec'}, 'last_edited_by': {'object': 'user', 'id': '5ab889be-b929-4921-9510-e76bc20cb4ec'}, 'cover': None, 'icon': None, 'parent': {'type': 'database_id', 'database_id': '1763a17e-5d7f-80f9-acf9-c9618f521957'}, 'archived': False, 'in_trash': False, 'properties': {'07.24': {'id': '%3BB%3DE', 'type': 'number', 'number': None}, '01.26': {'id': '%3BNDW', 'type': 'number', 'number': 2.63}, '05.26': {'id': '%3BTtF', 'type': 'number', 'number': 0}, '09.25': {'id': '%3BfV%5B', 'type': 'number', 'number': 3.45}, '07.25h': {'id': '%3CgI_', 'type': 'number', 'number': 319}, '03.26h': {'id': '%3DV%5BO', 'type': 'number', 'number': 92}, '05.25h': {'id': '%3DeNR', 'type': 'number', 'number': 202}, '10.25': {'id': '%3EWD%3D', 'type': 'number', 'number': 1.69}, '11.25h': {'id': '%3FW%7DL', 'type': 'number', 'number': 304}, '01.26h': {'id': '%40%3FtW', 'type': 'number', 'number': 342}, '06.26': {'id': 'A%60qh', 'type': 'number', 'number': 0}, '08.25h': {'id': 'Bgcm', 'type': 'number', 'number': 442}, '03.24': {'id': 'BhSh', 'type': 'number', 'number': None}, '04.25h': {'id': 'Fg%3Cs', 'type': 'number', 'number': 423}, '03.25h': {'id': 'J~Qq', 'type': 'number', 'number': 138}, '03.25': {'id': 'KvR%3E', 'type': 'number', 'number': 1.06}, '05.26h': {'id': 'L%7Bqm', 'type': 'number', 'number': 0}, '03.26': {'id': 'N%7B%3AJ', 'type': 'number', 'number': 0.71}, 'Average coef 2026': {'id': 'OJ%3Ag', 'type': 'formula', 'formula': {'type': 'number', 'number': 0.430833333333}}, '08.25': {'id': 'UYMg', 'type': 'number', 'number': 3.4}, '11.25': {'id': 'XPF%7D', 'type': 'number', 'number': 2.34}, '01.25h': {'id': 'YOa%5B', 'type': 'number', 'number': 0}, '06.25': {'id': 'YWSK', 'type': 'number', 'number': 3.35}, '02.26h': {'id': 'Zw%7Ba', 'type': 'number', 'number': 238}, '04.24': {'id': '%5B~wc', 'type': 'number', 'number': None}, '09.26': {'id': '%5CQYt', 'type': 'number', 'number': None}, '12.24': {'id': '%5CXqN', 'type': 'number', 'number': None}, '02.25': {'id': '%5D%40gT', 'type': 'number', 'number': 0.33}, '09.24': {'id': '%5EEx_', 'type': 'number', 'number': None}, '07.25': {'id': '_LDz', 'type': 'number', 'number': 2.45}, '06.26h': {'id': 'axEE', 'type': 'number', 'number': 0}, '10.26': {'id': 'b%7BSk', 'type': 'number', 'number': None}, '10.25h': {'id': 'cS%5B%5E', 'type': 'number', 'number': 220}, 'Total h 2026': {'id': 'fOoG', 'type': 'formula', 'formula': {'type': 'number', 'number': 672}}, '12.26': {'id': 'fTZK', 'type': 'number', 'number': None}, '12.25': {'id': 'gQ%3BZ', 'type': 'number', 'number': 3.27}, '10.24': {'id': 'h%3FXO', 'type': 'number', 'number': None}, '02.25h': {'id': 'iBCE', 'type': 'number', 'number': 42.5}, '08.26': {'id': 'iV_G', 'type': 'number', 'number': None}, '07.26': {'id': 'jt%3Ey', 'type': 'number', 'number': None}, '11.24': {'id': 'k%7Crn', 'type': 'number', 'number': None}, '2025 Total h': {'id': 'k~zQ', 'type': 'formula', 'formula': {'type': 'number', 'number': 3399.5}}, '08.24': {'id': 'lr%5EY', 'type': 'number', 'number': None}, '12.25h': {'id': 'm%5B%3E%3F', 'type': 'number', 'number': 425}, '06.25h': {'id': 'o%5Dk%3B', 'type': 'number', 'number': 435}, '11.23': {'id': 'pJBV', 'type': 'number', 'number': None}, '04.25': {'id': 'qA%3Ap', 'type': 'number', 'number': 3.25}, '2025+2026 Total h': {'id': 'rGav', 'type': 'formula', 'formula': {'type': 'number', 'number': 4071.5}}, '04.26': {'id': 'x%5E%3E%3F', 'type': 'number', 'number': 0}, '11.26': {'id': 'xl%3Bt', 'type': 'number', 'number': None}, '02.26': {'id': 'yIkr', 'type': 'number', 'number': 1.83}, '04.26h': {'id': 'zCX_', 'type': 'number', 'number': 0}, 'Average coef 2025': {'id': 'zlfX', 'type': 'formula', 'formula': {'type': 'number', 'number': 2.178333333333}}, '09.25h': {'id': '%7CJ%7Dh', 'type': 'number', 'number': 449}, '01.25': {'id': '%7Cue%3F', 'type': 'number', 'number': 0}, '05.25': {'id': '%7DHCq', 'type': 'number', 'number': 1.55}, 'Responsible Name': {'id': 'title', 'type': 'title', 'title': [{'type': 'text', 'text': {'content': 'Voice', 'link': None}, 'annotations': {'bold': False, 'italic': False, 'strikethrough': False, 'underline': False, 'code': False, 'color': 'default'}, 'plain_text': 'Voice', 'href': None}]}}, 'url': 'https://www.notion.so/Voice-1c73a17e5d7f8197bd97c80d6c45c3b7', 'public_url': None, 'request_id': '9930cab7-e790-4de0-a41c-9255e01a4d02'}
2025-04-01 14:21:30,151 - notion_sync - INFO - Prepared data for Mirage: {'01.25': {'number': 0.99}, '02.25': {'number': 1.31}, '03.25': {'number': 1.22}, '04.25': {'number': 2.11}, '05.25': {'number': 1.15}, '06.25': {'number': 1.35}, '07.25': {'number': 2.39}, '08.25': {'number': 1.78}, '09.25': {'number': 2.02}, '10.25': {'number': 1.62}, '11.25': {'number': 1.73}, '12.25': {'number': 1.28}, '01.26': {'number': 1.81}, '02.26': {'number': 2.13}, '03.26': {'number': 0.14}, '04.26': {'number': 0}, '05.26': {'number': 0}, '06.26': {'number': 0}, '01.25h': {'number': 129.0}, '02.25h': {'number': 170.0}, '03.25h': {'number': 158.0}, '04.25h': {'number': 274.0}, '05.25h': {'number': 150.0}, '06.25h': {'number': 176.0}, '07.25h': {'number': 311.0}, '08.25h': {'number': 231.0}, '09.25h': {'number': 262.0}, '10.25h': {'number': 211.0}, '11.25h': {'number': 225.0}, '12.25h': {'number': 167.0}, '01.26h': {'number': 235.0}, '02.26h': {'number': 277.0}, '03.26h': {'number': 18.0}, '04.26h': {'number': 0}, '05.26h': {'number': 0}, '06.26h': {'number': 0}, 'Responsible Name': {'title': [{'type': 'text', 'text': {'content': 'Mirage'}}]}}
